SKU,brands,name,description,taste_notes,taste_notes_category,price_200g,image_url,varietal,altitude,processing method,roast level,roasted for,origin,blend,link
001,103 Coffee,Colombia Narino Galeras | ESPRESSO,,"Mix Berries, Dark Chocolate","Fruity, Nutty/Cocoa",RM 70,https://www.103coffee.com/_next/image?url=https%3A%2F%2Fcdn.sanity.io%2Fimages%2Fxxucxke9%2Fproduction%2F6c23df960a154cc48dd7f7a267455a4773e3e2f5-4500x4500.png%3Fq%3D80%26fit%3Dmax%26auto%3Dformat&w=1920&q=75,"Castillo, Caturra",1600-2100 Masl,Fully washed,Medium,Espresso,Colombia,No,https://www.103coffee.com/products/colombia-narino-galeras-espresso
002,103 Coffee,Ecuador Juan Carlos Velez | FILTER,,"Pineapple, Mango, Tangerine",Fruity,RM 110,https://down-my.img.susercontent.com/file/my-11134207-820lc-mgw6e2hsxjbj5d.webp,,,,Light,Filter,Ecuador,No,https://www.103coffee.com/products/ecuador-filter
003,103 Coffee,Ethiopia Guji Shakisso | Filter,,"Stonefruit, Berries, Floral",Fruity,RM 70,https://www.103coffee.com/_next/image?url=https%3A%2F%2Fcdn.sanity.io%2Fimages%2Fxxucxke9%2Fproduction%2F347842b4e4c698d37a0e64460a8c26eeed71f604-4501x4501.png%3Fq%3D80%26fit%3Dmax%26auto%3Dformat&w=1920&q=75,74112,2000-2300 Masl,Natural,Light,Filter,Ethiopia,No,https://www.103coffee.com/products/ethiopia-guji-shakisso
004,103 Coffee,Honduras Los Pinos COE 2024#3 | Filter,,"Apple, Pineapple, Orange Blossom",Fruity,RM 380,https://www.103coffee.com/_next/image?url=https%3A%2F%2Fcdn.sanity.io%2Fimages%2Fxxucxke9%2Fproduction%2F1bf565c4b0171f2c69ad30939613b323b58a5b68-4500x4500.png%3Fq%3D80%26fit%3Dmax%26auto%3Dformat&w=1920&q=75,Geisha,1770 Masl,Washed,Light,Filter,Honduras,No,https://www.103coffee.com/products/honduras-los-pinos-coe-2024-3-rr-filter
005,103 Coffee,Summerblast Blend | ESPRESSO,,"Dried Mango, Blackberry Jam, Floral, Honey",Fruity,RM 73,https://down-my.img.susercontent.com/file/my-11134207-7rasj-m0xslj03dll9f6.webp,,,Natural,Medium,Espresso,"Brazil, Ethiopia",Yes,https://www.103coffee.com/products/poppin-mango-blend-espresso-roast
006,103 Coffee,Aftermeal Blend | ESPRESSO,,"Dark Cherry, Chocolate, Nutty","Fruity, Nutty/Cocoa",RM 73,https://down-my.img.susercontent.com/file/my-11134207-820li-mf7rqvicx156db.webp,,,,Medium,Espresso,"Colombia, Brazil",Yes,https://www.103coffee.com/products/aftermeal-house-blend-espresso-roast
007,103 Coffee,Central Blend | Espresso,,"Gula Melaka ( Palm Sugar ) , Sugar Cane, Nutty",Sweet,RM 73,https://down-my.img.susercontent.com/file/my-11134207-7ras8-m2iz3hljrt19a9.webp,,,,Medium,Espresso,,Yes,https://www.103coffee.com/products/central-blend
008,103 Coffee,Apartment Blend | Espresso,,"Orange, Chocolate, Floral","Fruity, Nutty/Cocoa",RM 73,https://down-my.img.susercontent.com/file/my-11134207-7rasi-m0vte42ecvzs27.webp,,,,Light,Espresso,"Ethiopia, Brazil",Yes,https://www.103coffee.com/products/apartment-blend-espresso
009,103 Coffee,Ethiopia Guji Shakisso | ESPRESSO,,"Stonefruit, Berries, Floral","Fruity, Floral",RM 70,https://www.103coffee.com/_next/image?url=https%3A%2F%2Fcdn.sanity.io%2Fimages%2Fxxucxke9%2Fproduction%2Fdedcf7ba36097b86c8fb3b31fc15303309a43cb7-2000x2000.png%3Fw%3D1200%26q%3D80%26fit%3Dmax%26auto%3Dformat&w=3840&q=75,74112,2000-2300 Masl,Natural,Medium,Espresso,Ethiopia,No,https://www.103coffee.com/products/ethiopia-guji-shakisso-espresso
010,103 Coffee,Brazil Sitio Santa Fe COE 2025 | FILTER,,"Red Cherry, Tangerine, Cacao","Fruity, Sweet, Nutty/Cocoa",RM 130,https://www.103coffee.com/_next/image?url=https%3A%2F%2Fcdn.sanity.io%2Fimages%2Fxxucxke9%2Fproduction%2Fe2bfb0a21f66e6c912fbfd15455e50f8d515c6e7-1080x1081.png%3Fq%3D80%26fit%3Dmax%26auto%3Dformat&w=3840&q=75,Arara,"1,300 Masl",Natural,Light,Filter,Brazil,No,https://www.103coffee.com/products/brazil-sitio-santa-fe-coe-2025
011,103 Coffee,Honduras San Vicente Marcos Sabillon | FILTER,,"Yuzu, Raisin, Cacao Nibs","Sweet, Nutty/Cocoa",RM 70,https://www.103coffee.com/_next/image?url=https%3A%2F%2Fcdn.sanity.io%2Fimages%2Fxxucxke9%2Fproduction%2F29243149f7c4e7161d08268dd89e454a3a4351a3-1080x1081.png%3Fw%3D1200%26q%3D80%26fit%3Dmax%26auto%3Dformat&w=3840&q=75,Parainema,"1,500 Masl",Honey,Light,Filter,Honduras,No,https://www.103coffee.com/products/honduras-san-vicente-marcos-sabillon
012,103 Coffee,Guatemala Santa Felisa Fire | FILTER,,"Berries, Bergamot, Floral","Fruity, Floral",RM 190,https://www.103coffee.com/_next/image?url=https%3A%2F%2Fcdn.sanity.io%2Fimages%2Fxxucxke9%2Fproduction%2F9de47753684ae1a7833aff677c9614fa7e69e6ad-1080x1081.png%3Fw%3D1200%26q%3D80%26fit%3Dmax%26auto%3Dformat&w=3840&q=75,Gesha 2722,"2,850 masl",Orange Honey,Light,Filter,Guatemala,No,https://www.103coffee.com/products/guatemala-santa-felisa-fire
013,103 Coffee,Colombia El Indio | ESPRESSO,,"Blackberry, Plum, Chocolate, Sweet Orange, Winey, Apple, Black Tea","Fruity, Nutty/Cocoa",RM 80,https://www.103coffee.com/_next/image?url=https%3A%2F%2Fcdn.sanity.io%2Fimages%2Fxxucxke9%2Fproduction%2F39363c4f249c6c64a0520294ab66a823076cb98f-4500x4500.png%3Fw%3D1200%26q%3D80%26fit%3Dmax%26auto%3Dformat&w=3840&q=75,Caturra,"1,800 Masl",Anaerobic Natural,Medium,Espresso,Colombia,No,https://www.103coffee.com/products/espresso-colombia-el-indio
014,103 Coffee,Colombia El Indio | FILTER,,"Blackberry, Plum, Chocolate, Sweet Orange, Winey, Apple, Black Tea","Fruity, Nutty/Cocoa",RM 80,https://www.103coffee.com/_next/image?url=https%3A%2F%2Fcdn.sanity.io%2Fimages%2Fxxucxke9%2Fproduction%2Fcdc7f67676b6e7eaa5b52f0022dc30f1864bd2aa-4500x4500.png%3Fw%3D1200%26q%3D80%26fit%3Dmax%26auto%3Dformat&w=3840&q=75,Caturra,"1,800 Masl",Anaerobic Natural,Light,Filter,Colombia,No,https://www.103coffee.com/products/colombia-el-indio-filter
015,103 Coffee,Guatemala Santa Felisa African Gesha | FILTER,,"Berries, Rose, Honey","Fruity, Sweet",RM 130,https://www.103coffee.com/_next/image?url=https%3A%2F%2Fcdn.sanity.io%2Fimages%2Fxxucxke9%2Fproduction%2F36563e5bbed75bfb48d392222c91115689fb423f-4500x4500.png%3Fw%3D1200%26q%3D80%26fit%3Dmax%26auto%3Dformat&w=3840&q=75,Gesha 2722,"1,500 Masl",Washed,Light,Filter,Guatemala,No,https://www.103coffee.com/products/filter-roast-guatemala-santa-felisa-african-gesha
016,2F Coffee Roastery,Blake Coffee Bean | Dark Roasted Blend - 200g / 500g,,"Roasted Nut, Brown Sugar, Dark Chocolate","Nutty/Cocoa, Roasted, Sweet",RM 40,https://cdn.store-assets.com/s/390997/i/73606862.png,,,,Medium-Dark,Filter,"Brazil, Indonesia",Yes,https://www.2fcoffeeroastery.com/products/blake-coffee-bean-dark-roasted-blend-200g-500g
017,2F Coffee Roastery,China Yun Nan Lan Chang Tian Hao - Anaerobic Natural,,"Grape, Raisin, Passion Fruit, Cacao","Fruity, Nutty/Cocoa",RM 90,https://cdn.store-assets.com/s/390997/i/92796398.png,"Catimor, Typica",1200 - 1600 masl,Anaerobic Natural,Medium Light,Both,Yunnan,No,https://www.2fcoffeeroastery.com/products/china-yun-nan-lan-chang-tian-hao-anaerobic-natural
018,2F Coffee Roastery,COLOMBIA GEISHA CGLE Cafe Granja La Esperanza - Washed process （ limited 20 packs only ),,"Stone fruit, Floral Tea, Blueberry, Honey","Floral, Fruity",RM 225,https://cdn.store-assets.com/s/390997/i/99546141.png,Geisha,1550 - 1800 masl,Washed,Light,Both,Colombia,No,https://www.2fcoffeeroastery.com/products/colombia-finca-la-luisa-geisha-natural
019,2F Coffee Roastery,Colombia Granja El Paraiso 92 - Sugarcane DECAF,,"Lychee, Black tea, chocolate, citrus","Fruity, Floral",RM 100,https://cdn.store-assets.com/s/390997/i/102185801.png,Red Bourbon,1800 - 1950 masl,Sugarcane DECAF,Light,Both,Colombia,No,https://www.2fcoffeeroastery.com/products/colombia-granja-el-paraiso-92-yeast-anaerobic-1
020,2F Coffee Roastery,Colombia Granja El Paraiso 92 Yeast Anaerobic,,"Guava, Red Grape, Purple Floral, Sweet Fruit Candy","Fruity, Sweet, Floral",RM 120,https://cdn.store-assets.com/s/390997/i/91589231.png,Red Bourbon,1800 - 1950 masl,Yeast Anaerobic,Light,Both,Colombia,No,https://www.2fcoffeeroastery.com/products/colombia-granja-el-paraiso-92-yeast-anaerobic
021,2F Coffee Roastery,Colombia Santander Aratoca - Pink Bourbon - Natural,,"Ripe grape, Tropical fruits, sugar cane, Black tea finish","Fruity, Sweet, Floral",RM 90,https://cdn.store-assets.com/s/390997/i/102163321.png,Pink Bourbon,1700 - 1900 masl,Natural,Light,Both,Colombia,No,https://www.2fcoffeeroastery.com/products/colombia-granja-el-paraiso-92-double-anaerobic
022,2F Coffee Roastery,COSTA RICA RIVENSE VISTA AL CHIRRIPO Black Honey Geisha,,"Yellow floral, wild honey, passion fruits","Floral, Fruity",RM 120,https://cdn.store-assets.com/s/390997/i/100405663.png,Geisha,1800 - 2000 masl,Black honey,Light,Both,Costa Rica,No,https://www.2fcoffeeroastery.com/products/rwanda-western-province-rutriso-natural-process
023,2F Coffee Roastery,EL-SALVADOR Santa Ana - Natural,,"Tropical fruits, mangosteen, mango pudding, lychee",Fruity,RM 80,https://cdn.store-assets.com/s/390997/i/103150573.png,Incunable,1200-1500 masl,Natural,Medium Light,Both,El Salvador,No,https://www.2fcoffeeroastery.com/products/ethiopia-nensenbo-mewa-wahsed-1
024,2F Coffee Roastery,Ethiopia Alo Sidama Bensa Natural 102Hrs,,"Red Currant, Yellow Peach, Roselle","Fruity, Floral",RM 150,https://cdn.store-assets.com/s/390997/i/91590557.png,"74,158",2060 -2220 masl,Natural 102Hrs,Light,Both,Ethiopia,No,https://www.2fcoffeeroastery.com/products/ethiopia-alo-sidama-bensa-natural-102hrs
025,2F Coffee Roastery,Ethiopia Guji - Washed Process,,"Lily floral, Sweet Orange tea, Apricot, lemon & candy","Floral, Fruity",RM 70,https://cdn.store-assets.com/s/390997/i/99766096.png,Heirloom,1800-2000masl,Washed,Medium Light,Both,Ethiopia,No,https://www.2fcoffeeroastery.com/products/ethiopia-west-asri-natural-process
026,2F Coffee Roastery,Ethiopia Guji x China Yunan - 13th Anniversary Special Roast,,"raisin, grape, berries, cacao, chocolate ","Fruity, Nutty/Cocoa",RM 50,https://cdn.store-assets.com/s/390997/i/93889001.png,,,Ethiopia Guji (Natural) / China Yunnan (Anaerobic),Light,Both,"Ethiopia, Yunnan",Yes,https://www.2fcoffeeroastery.com/products/ethiopia-guji-x-china-yunan-13th-anniversary-special-roast
027,2F Coffee Roastery,Ethiopia Nensenbo Mewa - Washed,,"Lily Florals, Honey, Orange, Apricot","Floral, Fruity",RM 120,https://cdn.store-assets.com/s/390997/i/84157069.png,"74110, 74112, 74158",2000 masl,Washed,Light,Both,Ethiopia,No,https://www.2fcoffeeroastery.com/products/ethiopia-nensenbo-mewa-wahsed
028,2F Coffee Roastery,Ethiopia Sidamo Bensa G1 - Natural Process,,"Berries, Honey, Tropiocal fruits","Sweet, Fruity",RM 80,https://cdn.store-assets.com/s/390997/i/99764742.png,Heirloom,2150 -220 0 masl,Natural,Light,Both,Ethiopia,No,https://www.2fcoffeeroastery.com/products/ethiopia-guji-hambela-wamena-g1-honey-process
029,2F Coffee Roastery,Honduras Cabanas La Paz Proyecto - Washed,,"Plum, Tamarind, Yellow Floral, Black Tea","Fruity, Floral",RM 90,https://cdn.store-assets.com/s/390997/i/84364711.png,Lempira,1650 masl,Washed,Light,Both,Honduras,No,https://www.2fcoffeeroastery.com/products/honduras-cabanas-la-paz-proyecto-washed-
030,2F Coffee Roastery,Honduras Las Floras Las Vegas Santa Barbara Ovidio Gomez - Natural,,"Wild Berries, Dry Fruit, Brown Sugar","Fruity, Sweet",RM 90,https://cdn.store-assets.com/s/390997/i/84368817.png,Parainema,1550 masl,Natural,Light,Both,Honduras,No,https://www.2fcoffeeroastery.com/products/honduras-las-floras-las-vegas-santa-barbara-ovidio-gomez-natural
031,2F Coffee Roastery,Kenya Kiambu AA FAQ Washed,,"Black Berries, Black Currant, Black Tea","Fruity, Floral",RM 80,https://cdn.store-assets.com/s/390997/i/91595310.png,SL28. SL34,1700 - 2000 masl,Washed,Light,Both,Kenya,No,https://www.2fcoffeeroastery.com/products/kenya-kiambu-aa-faq-washed
032,2F Coffee Roastery,Nutty Blend (Seasonal Espresso Blend) - 200g / 500g,,"Mild Acidity, Caramel, Almond, Chocolaty","Sour/Fermented, Nutty/Cocoa, Sweet",RM 40,https://cdn.store-assets.com/s/390997/i/73605550.png,,,,Medium,Espresso,"El Salvador, Brazil",Yes,https://www.2fcoffeeroastery.com/products/classic-blend-seasonal-espresso-blend-
033,43 Coffee,Ethiopia Aricha Webanchi Washed G1,,"Rose, Water Apple, Peach","Fruity, Floral",RM 33,https://cdn.shopify.com/s/files/1/0668/0428/5648/files/Ethiopia_Aricha_Webanchi_G1.png?v=1778837412,Heirloom,,Washed,Light,Both,Ethiopia,No,https://43coffee.com/products/ethiopia-aricha-webanchi-washed-g1
034,43 Coffee,Groove,,"Grape, Chocolate, Butterscotch","Fruity, Sweet, Nutty/Cocoa",RM 26,https://cdn.shopify.com/s/files/1/0668/0428/5648/files/Groove_d67fe70b-eb16-4efc-867b-5183f03cbe3b.png?v=1778836028,,,,Medium,Espresso,"Brazil, Ethiopia",Yes,https://43coffee.com/products/groove
035,43 Coffee,Blanco,,"Passion Fruit, Orange, Milk Chocolate","Fruity, Nutty/Cocoa",RM 30,https://cdn.shopify.com/s/files/1/0668/0428/5648/files/Blanco_e7259ff0-1008-481a-83d7-41a258362cb3.png?v=1778836053,,,"Washed, Natural Anaerobic",Light,Espresso,Colombia,Yes,https://43coffee.com/products/blanco
036,43 Coffee,Panama El Bajareque Pacamara,,"Pineapple, Mango, Passion Fruit",Fruity,RM 65,https://cdn.shopify.com/s/files/1/0668/0428/5648/files/Panama_El_Bajareque_Pacamara.png?v=1780991315,Pacamara,,Washed,Light,Both,Panama,No,https://43coffee.com/products/panama-el-bajareque-pacamara
037,43 Coffee,Ethiopia Koke Violet Natural G1,,"Mandarin Orange, Red Apple, Mango",Fruity,RM 37,https://cdn.shopify.com/s/files/1/0668/0428/5648/files/Ethiopia_Koke_Violet.png?v=1778837454,Heirloom,,Natural,Light,Filter,Ethiopia,No,https://43coffee.com/products/ethiopia-koke-violet-natural-g1
038,43 Coffee,Blockbuster,,"Caramel Popcorn, Buttery, Hazelnut","Sweet, Nutty/Cocoa, Roasted",RM 30,https://cdn.shopify.com/s/files/1/0668/0428/5648/files/Blockbuster_e9b75b92-6209-4264-afd7-44510f075c86.png?v=1778835910,,,,Dark,Espresso,"Brazil, Nicaragua",Yes,https://43coffee.com/products/blockbuster
039,43 Coffee,El Salvador Orange Pacamara,,"Mandarin Orange, Yellow Plum, Creamy",Fruity,RM 55,https://cdn.shopify.com/s/files/1/0668/0428/5648/files/El_Salvador_Orange_Pacamara.png?v=1778837499,Pacamara,,Washed,Light,Both,El Salvador,No,https://43coffee.com/products/el-salvador-orange-pacamara
040,43 Coffee,El Salvador Pink Pacamara,,"Red Apple, Lime, Brown Sugar","Fruity, Sweet",RM 55,https://cdn.shopify.com/s/files/1/0668/0428/5648/files/El_Salvador_Pink_Pacamara.png?v=1778837529,Pacamara,,Washed,Light,Both,El Salvador,No,https://43coffee.com/products/el-salvador-pink-pacamara
041,43 Coffee,Rwanda Inzovu Plus,,"Dried Raisin, Sweet Plum, Black Tea","Fruity, Green/Vegetative",RM 30,https://cdn.shopify.com/s/files/1/0668/0428/5648/files/Rwanda_Inzovu_Plus.png?v=1778837581,Red Bourbon,,Washed,Light,Both,Rwanda,No,https://43coffee.com/products/rwanda-inzovu-plus
042,43 Coffee,Colombia Felipe Arcila,,"Tropical Fruit, Vanilla, Lime","Fruity, Sweet",RM 115,https://cdn.shopify.com/s/files/1/0668/0428/5648/files/Colombia_Felipe_Arcila.png?v=1780991739,Orange Typica,,Natural,Light,Both,Colombia,No,https://43coffee.com/products/colombia-felipe-arcila
043,43 Coffee,Ethiopia Alo Miriga G1,,"Hibiscus, Blueberry, Maple Syrup","Fruity, Floral, Sweet",RM 70,https://cdn.shopify.com/s/files/1/0668/0428/5648/files/Ethiopia_Alo_Miriga_G1.png?v=1780991944,"74,158",,Natural,Light,Both,Ethiopia,No,https://43coffee.com/products/ethiopia-alo-miriga-g1
044,43 Coffee,Ethiopia Guji Haro Masako G1,,"Peach, Mango, Dark Chocolate","Fruity, Nutty/Cocoa",RM 37,https://cdn.shopify.com/s/files/1/0668/0428/5648/files/Ethiopia_Guji_Haro_Masako_G1.png?v=1780991529,Heirloom,,Natural,Light,Both,Ethiopia,No,https://43coffee.com/products/ethiopia-guji-haro-masako-g1
045,43 Coffee,Panama Iris Estate Geisha Odyssey,,"Blueberris, Rose Water, Clean","Fruity, Floral",RM 375,https://cdn.shopify.com/s/files/1/0668/0428/5648/files/PanamaGeishaOdyssey.png?v=1777529039,Geisha,,Nitrogen Controlled Fermentation Natural,Light,Both,Panama,No,https://43coffee.com/products/panama-iris-estate-geisha-odyssey
046,43 Coffee,Kenya Thaigeini Supernatural,,"Passion Fruit, Hibiscus, Caramel","Fruity, Floral, Sweet",RM 47,https://cdn.shopify.com/s/files/1/0668/0428/5648/files/Kenya_Thageini_Supernatural.png?v=1778837385,SL28/SL34,,Supernatural,Light,Both,Kenya,No,https://43coffee.com/products/kenya-thaigeini-supernatural
047,43 Coffee,Peru Cajamarca,,"Cola, Red Apple, Toffee","Fruity, Sweet",RM 30,https://cdn.shopify.com/s/files/1/0668/0428/5648/files/Peru_Cajamarca.png?v=1778837553,"Caturra, Pache, Bourbon",,Washed,Dark,Espresso,Peru,No,https://43coffee.com/products/peru-cajamarca
048,43 Coffee,Nicaragua Los Altiplanos,,"Mandarin Juice, Caramel, Pur-Tea","Fruity, Sweet, Green/Vegetative",RM 27,https://cdn.shopify.com/s/files/1/0668/0428/5648/files/Nicaragua_Los_Altiplanos.png?v=1781085707,Java,,Anaerobic Washed,Light,Both,Nicaragua,No,https://43coffee.com/products/nicaragua-los-altiplanos
049,43 Coffee,Honduras Entre Caminos,,"Juicy Citrus, Yellow Fruit, Grapes",Fruity,RM 27,https://cdn.shopify.com/s/files/1/0668/0428/5648/files/HondurasEntreCaminos.png?v=1780996728,Icatu/Catuai,,Natural,Medium,Both,Honduras,No,https://43coffee.com/products/honduras-entre-caminos
050,43 Coffee,Panama Iris Estate Geisha Elipse,,"Peach, Raspberry, Melon",Fruity,RM 375,https://cdn.shopify.com/s/files/1/0668/0428/5648/files/PanamaGeishaElipse.png?v=1777538012,Geisha,,Nitrogen Macerated Natural Washed Finish,Light,Both,Panama,No,https://43coffee.com/products/panama-iris-estate-geisha-elipse
051,43 Coffee,Castanhas Do Brazil,,"Chocolate Praline, Biscoff, Peanut Candy","Fruity, Sweet, Nutty/Cocoa",RM 22,https://cdn.shopify.com/s/files/1/0668/0428/5648/files/Castanhas_Do_Brazil.png?v=1779425610,Mixed,,Natural,Medium,Espresso,Brazil,No,https://43coffee.com/products/castanhas-do-brazil
052,43 Coffee,El Salvador Los Pirineos,,"Lemongrass, Almond, Panela Sugar","Sweet, Nutty/Cocoa, Green/Vegetative",RM 23,https://cdn.shopify.com/s/files/1/0668/0428/5648/files/El_Salvador_Los_Pirineos.png?v=1779333601,Bourbon,,Washed,Light,Both,El Salvador,No,https://43coffee.com/products/el-salvador-los-pirineos
053,43 Coffee,Panama Finca Deborah Geisha Nirvana,,"Cherry, Pineapple, Mango",Fruity,RM 375,https://cdn.shopify.com/s/files/1/0668/0428/5648/files/PanamaGeishaNirvana.png?v=1777538064,Geisha,,Nitrogen Macerated Natural,Light,Both,Panama,No,https://43coffee.com/products/panama-finca-deborah-geisha-nirvana
054,Afloat Coffee Roaster,Macro Espresso Ethiopia Uraga G1,,"Black Orange, Mixed Berry, White Tea, White Milk Tea",Fruity,RM 70,https://down-my.img.susercontent.com/file/my-11134207-7rasd-m1psf02fsv0q25.webp,74110,2010–2040 masl,Washed,Unknown,Espresso,Ethiopia,No,https://shopee.com.my/MACRO-ESPRESSO-200g-ETHIOPIA-Single-Origin-Specialty-Grade-Coffee-Bean-Afloat-Coffee-Roaster-%E7%B2%BE%E5%93%81%E5%92%96%E5%95%A1%E8%B1%86-%E6%B5%AE%E7%94%9F-i.982766659.14597163630?extraParams=%7B%22display_model_id%22%3A194245794315%7D
055,Afloat Coffee Roaster,Macro Filter Ethiopia Gargari Gutity G1,,"Orange, White Tea, Pomelo","Fruity, Floral",RM 72,https://down-my.img.susercontent.com/file/my-11134207-7rasm-m1psdrtijw9zda.webp,74110,1914–2150 masl,Natural,Unknown,Filter,Ethiopia,No,https://shopee.com.my/MACRO-FILTER-200g-ETHIOPIA-Single-Origin-Specialty-Grade-Coffee-Bean-Afloat-%E7%B2%BE%E5%93%81%E5%92%96%E5%95%A1%E8%B1%86-%E6%B5%AE%E7%94%9F-i.982766659.20078840768?extraParams=%7B%22display_model_id%22%3A89348902268%7D
056,Afloat Coffee Roaster,Micro Espresso Kenya Chinga AA,,"Prune, Molasses, Lemon Tea",Fruity,RM 80,https://down-my.img.susercontent.com/file/my-11134207-7rash-m1psgyfytc133b.webp,"SL28,SL34,Ruiru 11,Batian",1795 masl,Washed,Unknown,Espresso,Kenya,No,https://shopee.com.my/MICRO-ESPRESSO-200g-KENYA-Single-Origin-Specialty-Grade-Coffee-Bean-Afloat-Coffee-Roaster-%E7%B2%BE%E5%93%81%E5%92%96%E5%95%A1%E8%B1%86-%E6%B5%AE%E7%94%9F-i.982766659.23139746989?extraParams=%7B%22display_model_id%22%3A214246288192%7D
057,Afloat Coffee Roaster,Micro Filter Colombia Santa María,,"Berries, Prune, Cacao Nibs","Fruity, Nutty/Cocoa",RM 82,https://down-my.img.susercontent.com/file/my-11134207-7rasb-m1ps8ghgjqcnc3.webp,Pink Bourbon,1700–1900 masl,Natural,Unknown,Filter,Colombia,No,https://shopee.com.my/MICRO-FILTER-200g-COLOMBIA-Single-Origin-Specialty-Grade-Coffee-Bean-Afloat-Coffee-Roaster-%E7%B2%BE%E5%93%81%E5%92%96%E5%95%A1%E8%B1%86-%E6%B5%AE%E7%94%9F-i.982766659.23639766675?extraParams=%7B%22display_model_id%22%3A99427563042%7D
058,Afloat Coffee Roaster,Rare Find 150g Geisha COE PCA,,"Typica: Pineapple, Watermelon, Honey, Heirloom: Pineapple, Roseapple, Papaya, Geisha: Orange, Guava, Sugarcane",Fruity,RM 347,https://down-my.img.susercontent.com/file/my-11134207-820l8-mgxe66zl6bd64c.webp,"Typica,Heirloom,Geisha",1200–1400 masl,"Honey,Natural,Washed",Unknown,Filter,Taiwan,No,https://shopee.com.my/RARE-FIND-150g-GEISHA-COE-PCA-Specialty-Grade-Coffee-Bean-Filter-AFLOAT-COFFEE-ROASTER-%E7%B2%BE%E5%93%81%E5%92%96%E5%95%A1-%E6%B5%AE%E7%94%9F-i.982766659.23649190191?extraParams=%7B%22display_model_id%22%3A148389798304%7D
059,Afloat Coffee Roaster,Unique Espresso Ecuador Hacienda La Papaya,,"Blueberry Jam, Roselle, Plum, Oolong Milk Tea",Fruity,RM 118,https://down-my.img.susercontent.com/file/my-11134207-7rasg-m1psd29fybre1e.webp,Typica Mejorado,2000 masl,Natural,Unknown,Espresso,Ecuador,No,https://shopee.com.my/UNIQUE-ESPRESSO-200g-ECUADOR-Single-Origin-Specialty-Coffee-Bean-Afloat-%E7%B2%BE%E5%93%81%E5%92%96%E5%95%A1%E8%B1%86-%E6%B5%AE%E7%94%9F-i.982766659.22039756296?extraParams=%7B%22display_model_id%22%3A217140088531%7D
060,Afloat Coffee Roaster,Unique Filter Kenya Mutira Geisha,,"Blackcurrant, Lemon, English Breakfast Tea",Fruity,RM 118,https://down-my.img.susercontent.com/file/my-11134207-7rasf-m1psi0w8jmyyb4.webp,Geisha,1600–1800 masl,Natural,Unknown,Filter,Kenya,No,https://shopee.com.my/UNIQUE-FILTER-200g-KENYA-Single-Origin-Specialty-Grade-Coffee-Bean-Afloat-Coffee-Roaster-%E7%B2%BE%E5%93%81%E5%92%96%E5%95%A1%E8%B1%86-%E6%B5%AE%E7%94%9F-i.982766659.22039767715?extraParams=%7B%22display_model_id%22%3A137686126398%7D
061,Aksara Gayo,Extreme Measuration Process Single Origin Coffee 200 g,,"Orange, Apple, Madu kelulut, Milo",Fruity,RM 110,https://down-my.img.susercontent.com/file/my-11134207-7rasb-mbblzvipcs6iac.webp,,,Extreme Measuration Process,Medium,Both,Indonesia,No,https://shopee.com.my/Aksara-Gayo-Extreme-Measuration-Process-Single-Origin-Coffee-200-gram-i.64602193.18836889399
062,Aksara Gayo,Natural Process Arabica Coffee Roasted Single Origin 200/500 g,,"Madu kelulut, Buah tropika, Tebu, Pisang",Sweet,RM 50,https://down-my.img.susercontent.com/file/my-11134207-23020-hi128rw8ubnv76.webp,,1400 – 1600 masl,Natural,Medium,Both,Indonesia,No,https://shopee.com.my/Aksara-Gayo-Natural-Process-Arabica-Coffee-Roasted-Single-Origin-200-500-gram-i.64602193.17691001362?extraParams=%7B%22display_model_id%22%3A127380412887%7D
063,Aksara Gayo,Roasted Single Origin Arabica Gayo Espresso 200/500g,,"Chocolaty, Dark Cacao, Herb, Lemony, Long finish",Nutty/Cocoa,RM 46,https://down-my.img.susercontent.com/file/my-11134207-820l6-mev70a0f6xvo4d.webp,,1500 masl,Semi-washed,Medium,Both,Indonesia,No,https://shopee.com.my/Aksara-Gayo-Roasted-Single-Origin-Arabica-Coffee-Beans-Espresso-200-500-gram-i.64602193.13801339994?extraParams=%7B%22display_model_id%22%3A156597548713%7D
064,Arkib Kopi,ARKIB PROTOKOL #0034 POINTU,,"Mangosteen, Mango, Prune, Dried Plum, Lady Apple","Fruity, Spices, Sweet",RM 52,https://cdn.shopify.com/s/files/1/2797/8666/files/04.ARKIBPROTOKOL_0034POINTU-00.png?v=1779327939,,,168 Hours Natural Anaerobic,Medium Light,Both,Indonesia,No,https://arkibkopi.my/products/arkib-protokol-0034-pointu
065,Arkib Kopi,PERU ESTELA VASQUEZ GEISHA,,"Frangipani, Jasmine Syrup, Watermelon Seed, Cereal Milk, Nestum","Fruity, Sweet, Floral",RM 84,https://cdn.shopify.com/s/files/1/2797/8666/files/14._PERU_ESTELA_VASQUEZ_GEISHA_-_00.png?v=1776530796,,,Natural,Medium Light,Both,Peru,No,https://arkibkopi.my/products/peru-estela-vasquez-geisha
066,Arkib Kopi,PERU FELIPE OKASHA GEISHA,,"Meyer Lemon, White Grape, Jammy Orange, Rose Buds, Biscoff","Fruity, Floral",RM 68,https://cdn.shopify.com/s/files/1/2797/8666/files/01._PERU_FELIPE_OKACHA_GEISHA-00.png?v=1776531226,,,Natural,Medium Light,Both,Peru,No,https://arkibkopi.my/products/peru-felipe-okasha-geisha
067,Arkib Kopi,ABADI,,"Red Berries, Strawberry, Red Apple, Pineapple ",,RM 48,https://cdn.shopify.com/s/files/1/2797/8666/files/ABADI-0_56f6f3e2-4c07-402a-8b27-ce54636cd233.png?v=1753332030,Red Bourbon,,"Pulped Natural, Natural",Medium,Espresso,"Brazil, Rwanda",Yes,https://arkibkopi.my/products/abadi
068,Arkib Kopi,BRAZIL COCATREL KOKA PALO,,"Dried Fruits, Raisin, Hazelnut, Bittersweet Chocolate","Fruity, Sweet, Nutty/Cocoa",RM 48,https://cdn.shopify.com/s/files/1/2797/8666/files/BRAZIL_COCATREL_KOKA_PALO_-_00_2229f21d-000f-44f9-bb2b-50cc74d5c7ac.png?v=1751381154,,,Static Box Natural,Medium,Espresso,Brazil,No,https://arkibkopi.my/products/brazil-cocatrel-koka-palo
069,Arkib Kopi,BRAZIL RANCHO CHAMELEON,,"Honeydew, Walnut, Dark Chocolate, Cocoa Powder",,RM 52,https://cdn.shopify.com/s/files/1/2797/8666/files/01.BRAZILRACHOGRANDE-ESPRESSO-01.png?v=1778726719,,,Natural,Medium,Espresso,Brazil,No,https://arkibkopi.my/products/brazil-rancho-chameleon
070,Arkib Kopi,ETHIOPIA ABDO ABAMACHA NEFERTARI,,"Strawberry, Coffee Blossom, Blueberry Jam, Red Raisin, Rose","Fruity, Floral",RM 48,https://cdn.shopify.com/s/files/1/2797/8666/files/ABDO_ABAMACHA_NEFERTARI_-_00_77397d8c-b8b8-4768-a9dc-55f2e5ec7c41.png?v=1763098429,,,Classic Washed,Medium,Espresso,Ethiopia,No,https://arkibkopi.my/products/ethiopia-abdo-abamacha-nefertari-1
071,Arkib Kopi,ETHIOPIA BIFTU GUDINA LOT GAMABUTA,,"Orange Peel, Pu'er tea, Neslo, Coco Crunch","Nutty/Cocoa, Sweet",RM 52,https://cdn.shopify.com/s/files/1/2797/8666/files/BIFTU_GUDINA_GAMABUTA_LOT_8_-_00_5a535e99-9e88-498e-a9ef-374b6d09a010.png?v=1763023535,,,Fully washed,Medium,Espresso,Ethiopia,No,https://arkibkopi.my/products/ethiopia-biftu-gudina-lot-gamabuta-1
072,Arkib Kopi,KEIKO,,"Jasmine, White Peach, Coffee Blossom, White Chocolate, Walnut","Floral, Nutty/Cocoa",RM 52,https://cdn.shopify.com/s/files/1/2797/8666/files/KEIKO-00_302e2d7b-2b5f-4d9e-a692-17c4890d2fb4.png?v=1764255537,,,"Natural Slow Dry, Fully Washed",Medium Light,Espresso,"Ethiopia, Rwanda",Yes,https://arkibkopi.my/products/keiko
073,Arkib Kopi,RWANDA GATARE KUMBAYE LOT #305,,"Grapefruit, Cumin, Baker's Chocolate, Cocoa Butter","Fruity, Spices",RM 52,https://cdn.shopify.com/s/files/1/2797/8666/files/RWANDA_GATARE_KUMBAYE_LOT_305_-_ESPRESSO_-_00.png?v=1774859862,,,Fully washed,Light,Espresso,Rwanda,No,https://arkibkopi.my/products/rwanda-gatare-kumbaye-lot-306
074,Arkib Kopi,RWANDA GATARE POW WOW LOT #1171,,"Red Dates, Pink Grapefruit, Graham Cracker, Almond, Honeycomb","Sweet, Nutty/Cocoa, Roasted",RM 48,https://cdn.shopify.com/s/files/1/2797/8666/files/03.RWANDAGATAREPOWWOWLOT_1171-ESPRESSO-00.png?v=1770268467,,,Classic Natural,Medium,Espresso,Rwanda,No,https://arkibkopi.my/products/rwanda-gatare-pow-wow-lot-1179
075,Arkib Kopi,RWANDA GITEGA LOT #48,,"Watermelon, Pink Guava, Kouign Aman, Custard, Akok","Fruity, Sweet",RM 52,https://cdn.shopify.com/s/files/1/2797/8666/files/06._RWANDA_GITEGA_LOT_48_-_ESPRESSO_-_00.png?v=1774514456,,,Natural,Medium,Espresso,Rwanda,No,https://arkibkopi.my/products/rwanda-gitega-lot-48
076,Arkib Kopi,RWANDA GITWE PANDA LOT #1159,,"Cranberry, Red Peach, Pomelo, Baked Apple Pie, Rock Melon",Fruity,RM 48,https://cdn.shopify.com/s/files/1/2797/8666/files/RWANDA_GITWE_PANDA_LOT_1159_-_ESPRESSO_-_00.png?v=1772826141,,,Natural,Medium,Espresso,Rwanda,No,https://arkibkopi.my/products/rwanda-gitwe-lot-1159
077,Arkib Kopi,RWANDA INZOVU ROTO,,"Rhubarb, Lemon, Granola, Lempeng Tepung Beras","Roasted, Floral",RM 48,https://cdn.shopify.com/s/files/1/2797/8666/files/RWANDA_INZOVU_ROTO-_ESPRESSO_-_00.png?v=1773595309,,,Fully washed,Medium,Espresso,Rwanda,No,https://arkibkopi.my/products/rwanda-inzovu-roto
078,Arkib Kopi,RWANDA NYUNGWE HALO LOT #139,,"Gooseberry, Chamomile, Sakura, Cranberry Milk, Goat Milk",Floral,RM 48,https://cdn.shopify.com/s/files/1/2797/8666/files/01.RWANDANYUNGWEHALOLOT_139-ESPRESSO-00.png?v=1770180784,Red Bourbon,,Fully washed,Medium,Espresso,Rwanda,No,https://arkibkopi.my/products/rwanda-nyungwe-1
079,Arkib Kopi,BRAZIL RANCHO CHAMELEON,,"Melon, Starfruit, Nectarine, Cocoa","Fruity, Nutty/Cocoa",RM 48,https://cdn.shopify.com/s/files/1/2797/8666/files/02.BRAZILRANCHOGRANDE-FILTER-00.png?v=1778733464,,,Natural,Light,Filter,Brazil,No,https://arkibkopi.my/products/brazil-rancho-chameleon-1
080,Arkib Kopi,ETHIOPIA ABDO ABAMACHA NEFERTARI,,"Strawberry, Red Berries, Lemongrass, Vanilla, Watermelon","Fruity, Sweet, Green/Vegetative",RM 48,https://cdn.shopify.com/s/files/1/2797/8666/files/ABDO_ABAMACHA_NEFERTARI_-_00_0dd1c9b5-c575-4b5e-b92e-5f40052f8193.png?v=1763097984,,,Washed,Light,Filter,Ethiopia,No,https://arkibkopi.my/products/ethiopia-abdo-abamacha-nefertari
081,Arkib Kopi,ETHIOPIA BIFTU GUDINA LOT GAMABUTA,,"Rose Water, Lime Candy, Red Peach, Cantaloupe","Floral, Fruity, Sweet",RM 52,https://cdn.shopify.com/s/files/1/2797/8666/files/BIFTU_GUDINA_GAMABUTA_LOT_8_-_00.png?v=1763023535,,,Washed,Light,Filter,Ethiopia,No,https://arkibkopi.my/products/ethiopia-biftu-gudina-lot-gamabuta
082,Arkib Kopi,RWANDA GATARE KUMBAYE LOT #305,,"Lady Apple, Meyer Lemon, Cumin, Palm Sugar","Fruity, Spices, Sweet",RM 52,https://cdn.shopify.com/s/files/1/2797/8666/files/RWANDA_GATARE_KUMBAYE_LOT_305_-_FILTER_-_00.png?v=1774859520,,,Washed,Light,Filter,Rwanda,Yes,https://arkibkopi.my/products/rwanda-gatare-kumbaye-lot-305
083,Arkib Kopi,RWANDA GATARE POW WOW LOT #1171,,"Red Dates, Pomelo, Pink Grapefruit, Langsat, Assam Boi","Fruity, Sour/Fermented, Sweet",RM 48,https://cdn.shopify.com/s/files/1/2797/8666/files/03.RWANDAGATAREPOWWOWLOT_1171-FILTER-00.png?v=1770269070,,,Classic Natural,Light,Filter,Rwanda,No,https://arkibkopi.my/products/rwanda-gatare-pow-wow-lot-1171
084,Arkib Kopi,RWANDA GITEGA LOT #48,,"Watermelon, Red Peach, Bell Fruits, Pink Guava, Coconut","Fruity, Nutty/Cocoa",RM 52,https://cdn.shopify.com/s/files/1/2797/8666/files/06._RWANDA_GITEGA_LOT_48_-_FILTER_-_00.png?v=1774579506,,,Classic Natural,Light,Filter,Rwanda,No,https://arkibkopi.my/products/rwanda-gitega-lot-49
085,Arkib Kopi,RWANDA GITWE PANDA LOT #1159,,"Ginger Beer, Starfruit, Rambutan, Melon, Zappel","Fruity, Spices, Sour/Fermented",RM 48,https://cdn.shopify.com/s/files/1/2797/8666/files/RWANDA_GITWE_PANDA_LOT_1159_-_FILTER_-_00.png?v=1772824241,,,Natural,Light,Filter,Rwanda,No,https://arkibkopi.my/products/rwanda-gitwe-panda-lot-1159-copy
086,Arkib Kopi,RWANDA INZOVU ROTO,,"Hibiscus, Lemon, Meringue, Rhubarb","Floral, Fruity, Sweet",RM 48,https://cdn.shopify.com/s/files/1/2797/8666/files/RWANDA_INZOVU_ROTO-_FILTER_-_00.png?v=1773595309,,,Fully washed,Light,Filter,Rwanda,No,https://arkibkopi.my/products/rwanda-inzovu-roto-1
087,Arkib Kopi,RWANDA NYUNGWE HALO LOT #139,,"Cranberry, Chamomile, Red Peach, Meyer Lemon","Fruity, Floral",RM 48,https://cdn.shopify.com/s/files/1/2797/8666/files/01._RWANDA_NYUNGWE_HALO_LOT_139_-_FILTER_-_00.png?v=1770178257,,,Classic Washed,Light,Filter,Rwanda,No,https://arkibkopi.my/products/rwanda-nyungwe
088,ASK Coffee Roastery,Kopi Blend / Amber,,"Red Apple, Chocolate, Caramel, Smooth, Clean","Fruity, Nutty/Cocoa, Sweet",RM 27,https://down-my.img.susercontent.com/file/my-11134207-7rasb-m31yemp8mmnp70.webp,,,,Medium,Both,"Brazil, Colombia",Yes,https://shopee.com.my/(RETAIL)-ASK-Coffee-Roastery-Kopi-Blend-Amber-i.73241418.25919919469?extraParams=%7B%22display_model_id%22%3A255508682453%7D
089,ASK Coffee Roastery,Kopi Blend / Essence,,"Dark Chocolate, Caramel, Full Body",Nutty/Cocoa,RM 25,https://down-my.img.susercontent.com/file/my-11134207-7rash-mb3o2u1zmgbvf5.webp,,,,Medium-Dark,Both,"Brazil, Papua New Guinea",Yes,https://shopee.com.my/ASK-Coffee-Roastery-Biji-Kopi-Blend-Essence-Coffee-Beans-i.73241418.2924272374
090,ASK Coffee Roastery,Kopi Blend / Serene,,"Hazelnut, Vanilla, Berries, Balanced & Smooth",Nutty/Cocoa,RM 26,https://down-my.img.susercontent.com/file/my-11134207-7rasj-mb3o10k3gzhmba.webp,,,,Medium,Both,"El Salvador, Brazil, Vietnam",Yes,https://shopee.com.my/ASK-Coffee-Roastery-Kopi-Blend-Serene-i.73241418.4780893704
091,ASK Coffee Roastery,Kopi Origin / Brazil Cerrado,,"Cocoa, Orange Acidity",Nutty/Cocoa,RM 28,https://down-my.img.susercontent.com/file/my-11134207-7rasc-m1hvtk1yn57rae.webp,Bourbon,1200 masl,Natural,Medium,Both,Brazil,No,https://shopee.com.my/ASK-Coffee-Roastery-Kopi-Origin-Brazil-Cerrado-i.73241418.8821702499
092,ASK Coffee Roastery,Kopi Origin / Brazil Santos,,"Nutty, Sweet Caramel",Nutty/Cocoa,RM 30,https://down-my.img.susercontent.com/file/my-11134207-7rask-m1hvrcuqjkfb58.webp,Catuai,1300 masl,Natural,Medium,Both,Brazil,No,https://shopee.com.my/ASK-Coffee-Roastery-Kopi-Origin-Brazil-Santos-i.73241418.3010929420
093,ASK Coffee Roastery,Kopi Origin / Ethiopia Guji Urabeast,,"Apricot, Berries, Green Mango",Fruity,RM 40,https://down-my.img.susercontent.com/file/my-11134207-820l6-mhvjrrly5a121f.webp,,2037 masl,Natural,Medium,Both,Ethiopia,No,https://shopee.com.my/ASK-Coffee-Roastery-Biji-Kopi-Single-Origin-Ethiopia-Guji-Urabeast-Coffee-Beans-100GM-i.73241418.48602650914
094,ASK Coffee Roastery,Kopi Origin / Guatemala Huehuetenango,,"Sweet, Milk Chocolate, Syrup Body, Juicy","Sweet, Nutty/Cocoa",RM 32,https://down-my.img.susercontent.com/file/my-11134207-7rase-m2vtgaackawlf5.webp,"Typica,Catuai,Bourbon,Catuai",21350 masl,Washed,Medium,Both,Guatemala,No,https://shopee.com.my/ASK-Coffee-Roastery-Kopi-Origin-Guatemala-Huehuetenango-i.73241418.23686415364
095,ASK Coffee Roastery,Kopi Origin / Papua New Guinea,,"Chocolate, Nutty, Brown Sugar",Nutty/Cocoa,RM 32,https://down-my.img.susercontent.com/file/my-11134207-7rase-mch65jesjp5h1d.webp,"Arusha,Bourbon,Typica",1700-1850 masl,Washed,Medium,Both,Papua New Guinea,No,https://shopee.com.my/Ask-Coffee-Roastery-Kopi-Origin-Papua-New-Guinea-i.73241418.43809366387
096,ASK Coffee Roastery,Kopi Origin / Pioneiro,,"Nutty, Milk Chocolate, Raw Sugar",Nutty/Cocoa,RM 32,https://down-my.img.susercontent.com/file/my-11134207-7rasm-mb3nuzn4wgbu21.webp,,700-1100 masl,Natural,Medium,Both,Brazil,No,https://shopee.com.my/Ask-Coffee-Roastery-Kopi-Origin-Pioneiro-i.73241418.41450287757?extraParams=%7B%22display_model_id%22%3A295022594068%7D
097,ASK Coffee Roastery,Kopi Origin / Vietnam Da Lat,,"Caramel, Malt, Herbs, Citrus, Complex",Sweet,RM 28,https://down-my.img.susercontent.com/file/my-11134207-7rasa-m4fj4reccelk0e.webp,,1300 masl,Washed,Medium,Both,Vietnam,No,https://shopee.com.my/ASK-Coffee-Roastery-Kopi-Origin-Vietnam-Da-Lat-i.73241418.9121707788?extraParams=%7B%22display_model_id%22%3A63978058132%7D
098,Brew & Bread,CLEANSER - Whole Bean,,"Lighten Up, Relax, Refresh",Other,RM 44,https://brewnbread.com/wp-content/uploads/2021/03/Cleanser-Whole-Bean-Cover-Photo.jpeg,,,,Dark,Both,,Yes,https://brewnbread.com/product/cleanser-whole-bean/
099,Brew & Bread,ETHIOPIA GUJI HAMBELA GORO - Whole Bean - Dark Roast,,"Floral, Refreshing, Citrusy","Floral, Fruity",RM 44,https://brewnbread.com/wp-content/uploads/2026/03/Hambela-Goro-Whole-Bean-Cover-Photo-scaled.png,,,,Dark,Both,Ethiopia,No,https://brewnbread.com/product/ethiopia-guji-hambela-goro-whole-bean/
100,Brew & Bread,PERU LA HUACA GEISHA - Whole Bean - Light Roast,,"Floral, Citrusy, Stone Fruit","Floral, Fruity",RM 87,https://brewnbread.com/wp-content/uploads/2025/11/La-Huaca-Whole-Bean-Cover-Photo.jpeg,Geisha,,Washed,Light,Both,Peru,No,https://brewnbread.com/product/peru-la-huaca-geisha-whole-bean/
101,Brew & Bread,PERU EL LIMON - Whole Bean - Dark Roast,,"Juicy, Tropical, Stone Fruit",Fruity,RM 44,https://brewnbread.com/wp-content/uploads/2026/02/El-Limon-Whole-Bean-Cover-Photo.jpeg,Caturra,1950 metres,,Dark,Both,Peru,No,https://brewnbread.com/product/peru-el-limon-whole-bean/
102,Brew & Bread,PERU EL LIMON - Whole Bean - Light Roast,,"Juicy, Tropical, Stone Fruit",Fruity,RM 44,https://brewnbread.com/wp-content/uploads/2026/02/El-Limon-Whole-Bean-Cover-Photo.jpeg,Caturra,1950 metres,,Light,Both,Peru,No,https://brewnbread.com/product/peru-el-limon-whole-bean/
103,Brew & Bread,COLOMBIA NARINO GEISHA - Whole Bean - Light Roast,,"Floral, Juicy, Sweet","Floral, Fruity, Sweet",RM 65,https://brewnbread.com/wp-content/uploads/2026/02/GEISHA-WHOLE-BEAN-Cover-Photo.jpeg,Geisha,,Washed,Light,Both,Colombia,No,https://brewnbread.com/product/colombia-narino-geisha-whole-bean/
104,Brew & Bread,HONDURAS LAS BOTIJAS - Whole Bean - Light Roast,,"Raspberry, Lychee, Syrupy","Fruity, Sweet",RM 52,https://brewnbread.com/wp-content/uploads/2026/02/LAS-BOTIJAS-WHOLE-BEAN-Cover-Photo.jpeg,Pacamara,,,Light,Both,Honduras,No,https://brewnbread.com/product/honduras-las-botijas-whole-bean/
105,Brew & Bread,COLOMBIA EL TABLON LA PENA - Whole Bean - Dark Roast,,"Berries, Floral, Fruity","Fruity, Floral",RM 44,https://brewnbread.com/wp-content/uploads/2026/02/LA-PENA-WHOLE-BEAN-Cover-Photo.jpeg,,,,Dark,Both,Colombia,No,https://brewnbread.com/product/el-tablon-la-pena-whole-bean/
106,Brew & Bread,ETHIOPIA BURISO AMAJE - Whole Bean - Light Roast,,"Floral, Blueberry, Apricot","Floral, Fruity",RM 44,https://brewnbread.com/wp-content/uploads/2026/03/Buriso-Amaje-Whole-Bean-Cover-Photo.jpeg,,,Natural,Light,Both,Ethiopia,No,https://brewnbread.com/product/ethiopia-buriso-amaje-whole-bean/
107,Brew & Bread,DRIVER - Whole Bean 1kg - Medium Roast,,"Classical, Comforting, Bold",,RM 30,https://brewnbread.com/wp-content/uploads/2022/11/Coffee-Website-13-2.jpg,,,,Medium,Both,"India, Honduras, Ethiopia",Yes,https://brewnbread.com/product/driver-whole-bean-1kg/
108,Brew & Bread,DRIVER - Whole Bean 1kg - Dark Roast,,"Classical, Comforting, Bold",,RM 30,https://brewnbread.com/wp-content/uploads/2022/11/Coffee-Website-13-2.jpg,,,,Dark,Both,"India, Honduras, Ethiopia",Yes,https://brewnbread.com/product/driver-whole-bean-1kg/
109,Brew & Bread,SUGAR DADDY - Whole Bean - Dark Roast,,"Seductive, Wild, Charming, Elegant",,RM 44,https://brewnbread.com/wp-content/uploads/2020/09/Sugar-Daddy-Whole-Bean-Cover-Photo.jpeg,,,,Dark,Both,,No,https://brewnbread.com/product/sugar-daddy-whole-bean/
110,Brew & Bread,DRIVER - Whole Bean 250g - Medium Roast,,"Classical, Comforting, Bold",,RM 38,https://brewnbread.com/wp-content/uploads/2026/02/Driver-Whole-Bean-Cover-Photo-scaled.jpeg,,,,Medium,Both,"India, Honduras, Ethiopia",Yes,https://brewnbread.com/product/driver-whole-bean-250g/
111,Brew & Bread,DRIVER - Whole Bean 250g - Dark Roast,,"Classical, Comforting, Bold",,RM 38,https://brewnbread.com/wp-content/uploads/2026/02/Driver-Whole-Bean-Cover-Photo-scaled.jpeg,,,,Dark,Both,"India, Honduras, Ethiopia",Yes,https://brewnbread.com/product/driver-whole-bean-250g/
112,Ghostbird Coffee,100G Malaysia Liberica Anaerobic Natural,,"Hawthorn, Sarsaparilla, Caramel",Sweet,RM 170,https://cdn.shopify.com/s/files/1/0519/6749/2290/files/woc_liberica_anaerobic_natural.png?v=1778574407,Liberica,0 - 20 masl,Anaerobic Natural,Medium Light,Filter,Malaysia,No,https://ghostbirdcoffee.co/products/flash-sale-malaysia-liberica-anaerobic-natural
113,Ghostbird Coffee,100G Malaysia Liberica Sun-Dried Natural,,"Jackfruit, Dried Longan, Black Tea",Roasted,RM 56,https://cdn.shopify.com/s/files/1/0519/6749/2290/files/woc_liberica_sun_dried_natural.png?v=1778573739,Liberica,0-20 masl,Sun-Dried Natural,Medium,Filter,Malaysia,No,https://ghostbirdcoffee.co/products/flash-sales-malaysia-liberica-sun-dried-natural
114,Ghostbird Coffee,100G Malaysia Sabah Ranau Anaerobic Natural,,"Pineapple, Sugar Cane, Hint of Floral",Floral,RM 96,https://cdn.shopify.com/s/files/1/0519/6749/2290/files/woc_sabah_anaerobic_natural.png?v=1778574583,Catimor,"1,300 - 1,450 masl",Anaerobic Natural,Medium Light,Filter,Malaysia,No,https://ghostbirdcoffee.co/products/rested-bean-malaysia-sabah-ranau-anaerobic-natural
115,Ghostbird Coffee,100G Malaysia Sabah Ranau Washed,,"Stone Fruit, Sugar Cane, Chocolate",Nutty/Cocoa,RM 56,https://cdn.shopify.com/s/files/1/0519/6749/2290/files/woc_sabah_washed.png?v=1778574682,Catimor,"1,300 - 1,450 masl",Washed,Medium,Both,Malaysia,No,https://ghostbirdcoffee.co/products/rested-bean-malaysia-sabah-ranau-washed
116,Ghostbird Coffee,100G Panama Alto Quiel Geisha Natural,,"Blackberry, Orange Blossom, Jam-Like Sweetness, Hint of Floral",Floral,RM 120,https://cdn.shopify.com/s/files/1/0519/6749/2290/files/woc_panama_alto_quiel.png?v=1778576530,Geisha,"1,500 - 2,000 masl",Natural,Medium Light,Both,Panama,No,https://ghostbirdcoffee.co/products/flash-sales-100g-panama-alto-quiel-geisha-natural
117,Ghostbird Coffee,100G Panama Lamastus Selecto ASD,,"Raspberry, Mango Candy, Passion Fruit",Fruity,RM 170,https://cdn.shopify.com/s/files/1/0519/6749/2290/files/woc_lamastus_selecto_asd.png?v=1778575264,Geisha,"1,700 - 2,500 masl",Anaerobic Slow Dry,Light,Filter,Panama,No,https://ghostbirdcoffee.co/products/flash-sales-100g-panama-lamastus-selecto-asd
118,Ghostbird Coffee,Aurora Espresso Blend,,"Apricot, Persimmon, Black Tea",Roasted,RM 37,https://cdn.shopify.com/s/files/1/0519/6749/2290/files/aurora_espresso_blend_b57a00fe-4645-4767-8ea6-f57ea33903b2.png?v=1766022555,,,,Medium,Espresso,"Colombia, Ethiopia",Yes,https://ghostbirdcoffee.co/products/aurora-blend
119,Ghostbird Coffee,Borneo Blend,,"Dried Mango, Cacao Nibs, Milk Tea",Nutty/Cocoa,RM 50,https://cdn.shopify.com/s/files/1/0519/6749/2290/files/Borneo_Blend.png?v=1766022210,,,,Medium,Espresso,Malaysia,Yes,https://ghostbirdcoffee.co/products/borneo-blend
120,Ghostbird Coffee,Brazil Rancho Grande [Natural],,"Red Apple, Dark Chocolate, Almond Finishing",Nutty/Cocoa,RM 40,https://cdn.shopify.com/s/files/1/0519/6749/2290/files/brazil_rancho_grande_2.png?v=1766022278,Yellow Bourbon,950 masl,Natural,Medium,Both,Brazil,No,https://ghostbirdcoffee.co/products/brazil-rancho-grande
121,Ghostbird Coffee,El Salvador Finca Lima Picaflor [Washed],,"Pear, Dulce de Leche, Macadamia",Fruity,RM 40,https://cdn.shopify.com/s/files/1/0519/6749/2290/files/el_salvador_finca_lima.png?v=1776229899,Red Bourbon,"1,000 - 1,900 masl",Washed,Medium,Both,El Salvador,No,https://ghostbirdcoffee.co/products/el-salvador-finca-lima-washed
122,Ghostbird Coffee,Ethiopia Alo Slow-Dry Natural,,"Yellow Peach, Mango, Roselle, Floral",Floral,RM 170,https://cdn.shopify.com/s/files/1/0519/6749/2290/files/alo_slow_dry_natural_1.png?v=1776232743,"74,158","1,800 - 2,300 masl",Slow-Dry Natural,Light,Filter,Ethiopia,No,https://ghostbirdcoffee.co/products/ethiopia-alo-slow-dry-natural
123,Ghostbird Coffee,Ethiopia Hunda Oli [Washed],,"Calamansi, Sarsi, Chamomile Tea",Roasted,RM 65,https://cdn.shopify.com/s/files/1/0519/6749/2290/files/ethiopia_hunda_oli_1.png?v=1773047942,"74110, 74112","2,000 masl",Washed,Medium Light,Both,Ethiopia,No,https://ghostbirdcoffee.co/products/ethiopia-hunda-oli-washed
124,Ghostbird Coffee,Ethiopia Sidama Bombe [Natural],,"Citrus, Berries Candy, Lavender",Fruity,RM 40,https://cdn.shopify.com/s/files/1/0519/6749/2290/files/ethiopiasidamabombe.png?v=1773047155,Heirloom,"2,000 - 2,300 masl",Natural,Medium,Both,Ethiopia,No,https://ghostbirdcoffee.co/products/ethiopia-sidama-bombe-natural
125,Ghostbird Coffee,Gemini Espresso Blend,,"Chocolate nutella, stone fruit, medium body",Nutty/Cocoa,RM 37,https://cdn.shopify.com/s/files/1/0519/6749/2290/files/gemini_espresso_blend_87fc4854-ee7c-43cf-bb54-e1f39c866bee.png?v=1766022622,,,,Medium,Espresso,"Colombia, Brazil",Yes,https://ghostbirdcoffee.co/products/gemini-espresso-blend
126,Ghostbird Coffee,Indonesia Aceh Gayo Ratawali,,"Dark Chocolate, Caramel, Spices",Nutty/Cocoa,RM 40,https://cdn.shopify.com/s/files/1/0519/6749/2290/files/indonesia_ratawali_1_196e1182-3998-4372-afda-c828e75dd642.png?v=1765965064,Typica,"1,500 masl",Wet-Hulled,Medium,Both,Indonesia,No,https://ghostbirdcoffee.co/products/indonesia-aceh-gayo-ratawali
127,Ghostbird Coffee,Indonesia Asman Arianto [Natural],,"Red Berries, Raisin, Chocolate",Nutty/Cocoa,RM 65,https://cdn.shopify.com/s/files/1/0519/6749/2290/files/indonesiaasmanarianto_1.png?v=1771212234,"Abyssinia, Ateng, Gayo 1, Gayo 2, Timtim","1,500 - 1,700 masl",Natural,Medium,Filter,Indonesia,No,https://ghostbirdcoffee.co/products/indonesia-asman-arianto-natural
128,Ghostbird Coffee,Malaysia Liberica Anaerobic Natural,,"Hawthorn, Sarsaparilla, Caramel",Sweet,RM 213,https://cdn.shopify.com/s/files/1/0519/6749/2290/files/liberica_n20.png?v=1765256324,Liberica,0 - 20 masl,Anaerobic Natural,Medium Light,Filter,Malaysia,No,https://ghostbirdcoffee.co/products/malaysia-liberica-anaerobic-natural
129,Ghostbird Coffee,Malaysia Liberica Sun-Dried Natural,,"Jackfruit, Dried Longan, Black Tea",Roasted,RM 65,https://cdn.shopify.com/s/files/1/0519/6749/2290/files/liberica_sun_dried.png?v=1760502195,Liberica,0 - 20 masl,Sun-Dried Natural,Medium,Filter,Malaysia,No,https://ghostbirdcoffee.co/products/malaysia-liberica-sun-dried-natural
130,Ghostbird Coffee,Malaysia Sabah Ranau [Anaerobic Natural],,"Pineapple, Sugar Cane, Hint of Floral",Floral,RM 113,https://cdn.shopify.com/s/files/1/0519/6749/2290/files/sabah_ranau_anaerobic_natural.png?v=1757055126,Catimor,"1,300 - 1,450 masl",Anaerobic Natural,Medium Light,Filter,Malaysia,No,https://ghostbirdcoffee.co/products/malaysia-sabah-ranau-anaerobic-natural
131,Ghostbird Coffee,Malaysia Sabah Ranau [Washed],,"Stone Fruit, Sugar Cane, Chocolate",Nutty/Cocoa,RM 65,https://cdn.shopify.com/s/files/1/0519/6749/2290/files/sabah_ranau_washed_6d6e7a02-f25d-4f7e-b452-10d5a224efb0.png?v=1758859985,Catimor,"1,300 - 1,450 masl",Washed,Medium,Both,Malaysia,No,https://ghostbirdcoffee.co/products/sabah-ranau-washed-1
132,Ghostbird Coffee,Milkyway Bold Blend,,"Dark Chocolate, Caramelised Nuts, Full Body",Nutty/Cocoa,RM 37,https://cdn.shopify.com/s/files/1/0519/6749/2290/files/milkyway_bold_espresso_blend.png?v=1765964542,,,,Dark,Espresso,"Colombia, Brazil",Yes,https://ghostbirdcoffee.co/products/milkyway-bold-espresso-blend
133,Ghostbird Coffee,Milkyway Classic Blend,,"Chocolate Aroma, Dark Chocolate Sweetness, Full Body, Hazelnut Finish",Nutty/Cocoa,RM 37,https://cdn.shopify.com/s/files/1/0519/6749/2290/files/milkyway_classic_espresso_blend_a1fe66fc-eca8-4113-8dff-0d953d9dff62.png?v=1766022688,,,,Medium-Dark,Espresso,"Brazil, Indonesia",Yes,https://ghostbirdcoffee.co/products/milkyway-espresso-blend
134,Ghostbird Coffee,Milkyway Nova Blend,,"Chocolate, Nutty, Raisin",Nutty/Cocoa,RM 26,https://cdn.shopify.com/s/files/1/0519/6749/2290/files/milkyway_nova_espresso_blend_b96ce230-0429-4340-861c-1a9c355d5a16.png?v=1765964608,,,,Medium,Espresso,"Brazil, Ethiopia",Yes,https://ghostbirdcoffee.co/products/milkyway-nova-espresso-blend
135,Ghostbird Coffee,Panama Alto Quiel Geisha Natural,,"Blackberry, Orange Blossom, Jam-Like Sweetness, Hint of Floral",Floral,RM 142,https://cdn.shopify.com/s/files/1/0519/6749/2290/files/panama_alto_quiel.png?v=1776230509,Geisha,"1,500 - 2,000 masl",Natural,Medium Light,Both,Panama,No,https://ghostbirdcoffee.co/products/panama-alto-quiel-geisha
136,Ghostbird Coffee,Panama Iris Estate Symmetry,,"Orange, Apricot, Honey",Sweet,RM 375,https://cdn.shopify.com/s/files/1/0519/6749/2290/files/iris_estate_symmetry.png?v=1779768025,Geisha,"1,850 - 2,300 masl",CM Natural,Medium Light,Both,Panama,No,https://ghostbirdcoffee.co/products/panama-iris-estate-symmetry
137,Ghostbird Coffee,Panama Lamastus Selecto ASD,,"Raspberry, Mango Candy, Passion Fruit",Fruity,RM 213,https://cdn.shopify.com/s/files/1/0519/6749/2290/files/lamastus_selecto_asd.png?v=1778055487,Geisha,"1,700 - 2,500 masl",Anaerobic Slow Dry,Light,Filter,Panama,No,https://ghostbirdcoffee.co/products/panama-asd
138,Ghostbird Coffee,Rising Star Best Milk Beverage Blend,,"Tropical fruits, coconut cookies, smooth milk chocolate, citrus, yellow fruit",Fruity,RM 40,https://cdn.shopify.com/s/files/1/0519/6749/2290/files/bestmilkbeverageblend.png?v=1777431715,,,,Unknown,Espresso,Ethiopia,Yes,https://ghostbirdcoffee.co/products/rising-star-best-milk
139,Ghostbird Coffee,Rising Star Bronze SOE,,"Milk chocolate, brown sugar milk tea, smooth, velvety texture",Nutty/Cocoa,RM 40,https://cdn.shopify.com/s/files/1/0519/6749/2290/files/bronze_soe.png?v=1778055065,,,,Unknown,Espresso,Brazil,No,https://ghostbirdcoffee.co/products/rising-star-bronze-soe
140,Ghostbird Coffee,Rising Star Champion's Blend,,"Floral aroma, stone fruit sweetness, tea-like delicate finish",Floral,RM 40,https://cdn.shopify.com/s/files/1/0519/6749/2290/files/champion_sblend.png?v=1777430640,,,,Unknown,Espresso,Ethiopia,Yes,https://ghostbirdcoffee.co/products/rising-star-champions-blend
141,Ghostbird Coffee,Rising Star Silver Blend,,,Other,RM 40,https://cdn.shopify.com/s/files/1/0519/6749/2290/files/silverblend_1_37c322b9-ea39-4cfe-8b58-0f8e29953121.png?v=1777431299,,,,Unknown,Espresso,"Brazil, Ethiopia",Yes,https://ghostbirdcoffee.co/products/rising-star-silver-blend
142,Hani Coffee Roastery,Brazil Santos,,"Caramel, Milk Chocolate, Almond","Sweet, Nutty/Cocoa",RM 55,https://down-my.img.susercontent.com/file/my-11134207-820lb-mhoajdl729l210.webp,"Catuai,Mundo,Novo",,Natural,Medium,Both,Brazil,No,https://shopee.com.my/Brazil-Santos-Natural-Single-Origin-Medium-Roast-200gram-can-Hani-Coffee-Roastery-i.1366418076.28866564255
143,Hani Coffee Roastery,China Yun Nan Lan Chang Tiao Hao,,"Cherry Liquor, Berry Chocolate, Cacao Nibs","Fruity, Nutty/Cocoa",RM 65,https://down-my.img.susercontent.com/file/my-11134207-820lb-me81rebbr9jbb2.webp,Catimor,1600 masl,Red Wine Anaerobic Natural,Medium Light,Both,Yunnan,No,https://shopee.com.my/China-Yun-Nan-Lan-Chang-Tian-Hao-Red-Wine-Anaerobic-Natural-Single-Origin-Omni-Roast-200gram-can-Hani-Coffee-Roaster-i.1366418076.43767394849
144,Hani Coffee Roastery,Colombia Finca El Paseo,,"IPA Apricot, Orange, Chrysanthemum, Red Sugar Texture",Fruity,RM 93,https://down-my.img.susercontent.com/file/my-11134207-7ras9-m3od7ag4b37l5d.webp,"Castillo,Caturra,Colombia",,Hop Fermentation Washed,Light,Both,Colombia,No,https://shopee.com.my/Colombia-Finca-El-Paseo-Hop-Fermentation-Washed-Light-Roast-150gram-can-Hani-Coffee-Roastery-i.1366418076.27670433052
145,Hani Coffee Roastery,Colombia Wuchii,,"Tangerine, Plum, Sugarcane",Fruity,RM 65,https://down-my.img.susercontent.com/file/my-11134207-820lb-meo0knjeap6v97.webp,Mixed,,Sugarcane Decaf,Medium Light,Both,Colombia,No,https://shopee.com.my/Colombia-Wuchii-Sugarcane-Decaf-Single-Origin-Medium-Light-Roast-200gram-can-Hani-Coffee-Roastery-i.1366418076.29476555659
146,Hani Coffee Roastery,Ethiopia Guji Shakisso,,"Yellow Flower, Lemon Peel, Sweet Berries","Floral, Fruity",RM 60,https://down-my.img.susercontent.com/file/my-11134207-7rasc-m3oey6n5d0be53.webp,"7,411,074,112",,Natural,Medium Light,Both,Ethiopia,No,https://shopee.com.my/Ethiopia-Guji-Shakisso-Natural-Single-Origin-Omni-Roast-200gram-can-Hani-Coffee-Roastery-i.1366418076.27618366819
147,Hani Coffee Roastery,Ethiopia Guji Urabeast,,"Citrus, Lemon Jam, Tea, like",Fruity,RM 75,https://down-my.img.susercontent.com/file/my-11134207-820lb-mei5vpq6h9fk6e.webp,"7,411,074,112",,Washed,Medium Light,Both,Ethiopia,No,https://shopee.com.my/Ethiopia-Guji-Urabeast-Washed-Single-Origin-Medium-Light-Roast-200gram-can-Hani-Coffee-Roastery-i.1366418076.25696904530
148,Hani Coffee Roastery,Ethiopia Sidamo Bensa,,"Lychee, Mixed Berries, Citrus",Fruity,RM 65,https://down-my.img.susercontent.com/file/my-11134207-820li-menza1c6l1c670.webp,Heirloom,,Natural,Medium Light,Both,Ethiopia,No,https://shopee.com.my/Ethiopia-Sidamo-Bensa-Natural-Single-Origin-Medium-Light-Roast-200gram-can-Hani-Coffee-Roastery-i.1366418076.41369014151
149,Hani Coffee Roastery,Hani Espresso Blend B442,,"Butter Cookies, Lemon Candy, Dark Chocolate, Berries","Fruity, Nutty/Cocoa",RM 65,https://down-my.img.susercontent.com/file/my-11134207-820le-mhoaonsv1l388d.webp,,,"Natural,Washed,Natural",Medium,Both,"Brazil, Kenya, Ethiopia",Yes,https://shopee.com.my/Medium-Roast-B442-Blend-Espresso-Hani-Coffee-Roastery-i.1366418076.41876885926
150,Hani Coffee Roastery,Kenya Kiambu AA,,"Lime, Black Currant, Candy plus sweetness",Fruity,RM 60,https://down-my.img.susercontent.com/file/my-11134207-820ld-mei5duadzj0n22.webp,"SL28,SL34",,Washed,Medium Light,Both,Kenya,No,https://shopee.com.my/Kenya-Kiambu-AA-Washed-Single-Origin-Medium-Light-Roast-200gram-can-Hani-Coffee-Roastery-i.1366418076.28841387732
151,Hani Coffee Roastery,Kenya Nyeri Gatina AA,,"Honey, Green Tea, Dried Lemon",Sweet,RM 70,https://down-my.img.susercontent.com/file/my-11134207-7rasb-m2dbask0xn0dc0.webp,"SL28,SL34",,Washed,Light,Both,Kenya,No,https://shopee.com.my/Kenya-Nyeri-Gatina-AA-Washed-Single-Origin-Light-Roast-200gram-can-Hani-Coffee-Roastery-i.1366418076.29467060390
152,Hani Coffee Roastery,Milk God Blend,,"Dark Chocolate, Black Tea, Brown Sugar",Nutty/Cocoa,RM 55,https://down-my.img.susercontent.com/file/my-11134207-7rase-m4mocq349r4p5c.webp,,,"Natural,Washed",Medium-Dark,Both,"Brazil, Kenya",Yes,https://shopee.com.my/Medium-Dark-Roast-Milk-God-Blend-Espresso-Hani-Coffee-Roastery-i.1366418076.29822661477
153,Hani Coffee Roastery,Panama Santa Elena Estate,,"Plum, Dried Orange, Sweet Chestnut",Fruity,RM 93,https://down-my.img.susercontent.com/file/my-11134207-7ras9-m3odiaqigrr237.webp,Catuai,,Sun Dried Natural,Light,Both,Panama,No,https://shopee.com.my/Panama-Santa-Elena-Estate-Sun-Dried-Natural-Single-Origin-Light-Roast-150gram-can-Hani-Coffee-Roastery-i.1366418076.28620432906
154,HisBrew Roastery,Brazil Castanhas,,"Fudge, Milk Chocolate, Golden Rasin, Rounded Body",Nutty/Cocoa,RM 45,https://cdn.store-assets.com/s/642193/i/95995327.png?width=480&format=webp,Mixed,1110 masl,Natural,Medium,Espresso,Brazil,No,https://www.hisbrewroastery.com/collections/espresso-blends/products/brazil-fazenda-pinhal
155,HisBrew Roastery,Colombia El Diviso Caturro Chiroso,,"Lychee candy, Bubblegum, Floral, Silky","Sweet, Fruity, Floral",RM 140,https://cdn.store-assets.com/s/642193/i/95755202.png?width=1024&format=webp,Caturra Chiroso,1800 masl,Thermal Shock,Light,Filter,Colombia,No,https://www.hisbrewroastery.com/collections/single-origin/products/colombia-el-diviso-caturro-chiroso
156,HisBrew Roastery,Colombia Finca El Paraiso Tropical,,"Tropical fruits, Pineapple, Passionfruit",Fruity,RM 110,https://cdn.store-assets.com/s/642193/i/93979692.png?width=480&format=webp,"Castillo,Colombia,Caturra",2050 masl,Double Anaerobic,Medium Light,Filter,Colombia,No,https://www.hisbrewroastery.com/collections/single-origin/products/colombia-finca-el-paraiso-tropical
157,HisBrew Roastery,Colombia Supremo,,"Chocolate, Fruity, Caramel",Nutty/Cocoa,RM 40,https://cdn.store-assets.com/s/642193/i/93484624.png?width=1024&format=webp,"Caturra,Typica,Bourbon",1600 masl,Washed,Medium,Espresso,Colombia,No,https://www.hisbrewroastery.com/collections/single-origin/products/hisbrew-colombia-supremo-coffee-bean-medium-dark-roast-100-arabica
158,HisBrew Roastery,Colombia Tolima Castillo Natural Winey,,"Blackberry, Cocoa, Raisin","Fruity, Nutty/Cocoa",RM 60,https://cdn.store-assets.com/s/642193/i/95586159.png?width=480&format=webp,Castillo,2000 masl,Natural Winey,Medium,Filter,Colombia,No,https://www.hisbrewroastery.com/collections/single-origin/products/colombia-tolima-castillo-natural-winey
159,HisBrew Roastery,El Salvador La Fany Red Bourbon,,"Hibiscus, Tea, like, red plum",Floral,RM 50,https://cdn.store-assets.com/s/642193/i/95461219.png?width=480&format=webp,Red Bourbon,1550 masl,Washed,Medium,Espresso,El Salvador,No,https://www.hisbrewroastery.com/collections/espresso-blends/products/el-salvador-la-fany-red-bourbon
160,HisBrew Roastery,Ethiopia G2 Mira Suke Kuto Lot,,"Kyoho Grape, Red Cherry, Floral",Fruity,RM 45,https://cdn.store-assets.com/s/642193/i/96040203.png?width=1024&format=webp,"Kurume,Welicho",2200 masl,Washed,Medium,Espresso,Ethiopia,No,https://www.hisbrewroastery.com/products/ethiopia-g-2-mira-suke-kuto-lot-1
161,HisBrew Roastery,Ethiopia Yirgacheffe Bogale Mengistu Wadera Natural G1,,"Dried mango, pineapple, orange peel",Fruity,RM 50,https://cdn.store-assets.com/s/642193/i/95086057.png?width=480&format=webp,Heirloom,2000 masl,Natural,Medium,Filter,Ethiopia,No,https://www.hisbrewroastery.com/collections/single-origin/products/ethiopia-yirgacheffe-bogale-mengistu-wadera-natural-g1
162,HisBrew Roastery,Ethiopia Yirgacheffe Red Honey G1,,"Lemon Custard, Bergamot, Honey","Fruity, Floral",RM 55,https://cdn.store-assets.com/s/642193/i/95087920.png?width=480&format=webp,Heirloom,1700 masl,Red Honey,Medium,Espresso,Ethiopia,No,https://www.hisbrewroastery.com/collections/espresso-blends/products/ethiopia-yirgacheffe-red-honey-g-1
163,HisBrew Roastery,Genesis Espresso,,"Rich Body, Chocolate, Caramel","Nutty/Cocoa, Sweet",RM 40,https://cdn.store-assets.com/s/642193/i/95994636.png?width=480&format=webp,"Yellow Bourbon,Catuai",1500 masl,Natural,Medium-Dark,Espresso,"Brazil, Honduras",Yes,https://www.hisbrewroastery.com/collections/espresso-blends/products/hisbrew-genesis-espresso-coffee-bean-200g-medium-dark-roast-100-arabica
164,HisBrew Roastery,Gesha Village Gori,,"Strawberry, mango, floral, layered with blackberry, orange peel, grape, and toffee",Fruity,RM 100,https://cdn.store-assets.com/s/642193/i/93979490.png?width=480&format=webp,Gesha,2100 masl,Natural,Medium Light,Filter,Ethiopia,No,https://www.hisbrewroastery.com/collections/single-origin/products/gesha-village-gori
165,HisBrew Roastery,Give Back Blend,,"Strong body, chocolate, low acidity",Nutty/Cocoa,RM 40,https://cdn.store-assets.com/s/642193/i/95994684.png?width=480&format=webp,Yellow Bourbon,1150 masl,"Natural,Wet-Hulled",Medium-Dark,Espresso,"Brazil, Indonesia",Yes,https://www.hisbrewroastery.com/collections/espresso-blends/products/give-back-blend-coffee-bean-medium-dark-roast
166,HisBrew Roastery,Midnight Shadow,,"Bittersweet chocolate, Honey Sweetness, Cacao","Nutty/Cocoa, Sweet",RM 40,https://cdn.store-assets.com/s/642193/i/95994820.png?width=480&format=webp,Yellow Bourbon,1150 masl,"Natural,Washed",Medium,Espresso,Brazil,Yes,https://www.hisbrewroastery.com/collections/espresso-blends/products/midnight-shadow-espresso-coffee-bean
167,HisBrew Roastery,Panama Abu 2260,,"Lemon Custard, Peach, Bergamot",Fruity,RM 400,https://cdn.store-assets.com/s/642193/i/93979391.png?width=480&format=webp,Geisha,1550 masl,Washed,Medium Light,Filter,Panama,No,https://www.hisbrewroastery.com/collections/single-origin/products/panama-abu-2260
168,HisBrew Roastery,Panama Esmeralda Geisha Natural,,"Floral, Jasmine, Tropical fruits",Floral,"RM 1,000",https://cdn.store-assets.com/s/642193/i/93979602.png?width=480&format=webp,Geisha,1800 masl,Natural,Medium Light,Filter,Panama,No,https://www.hisbrewroastery.com/collections/single-origin/products/panama-esmeralda-gesha-natural
169,HisBrew Roastery,Revelation Blend,,"Green Apple, Milk Chocolate, Cane Sugar","Fruity, Nutty/Cocoa, Sweet",RM 50,https://cdn.store-assets.com/s/642193/i/95995552.png?width=1024&format=webp,Mixed,1150 masl,Natural,Medium,Espresso,"Brazil, Ethiopia",Yes,https://www.hisbrewroastery.com/collections/espresso-blends/products/revelation-blend
170,HisBrew Roastery,Sumatra G1 DP Kenyalang,,"Molasses, Brown Sugar, Dark Chocolate","Sweet, Nutty/Cocoa",RM 40,https://cdn.store-assets.com/s/642193/i/93484732.png?width=480&format=webp,Mixed,1300 masl,Wet-Hulled,Medium,Espresso,Indonesia,No,https://www.hisbrewroastery.com/collections/espresso-blends/products/sumatra-g1-dp-kenyalang
171,HisBrew Roastery,Sumatra Gayo Mountain,,"Dark Chocolate, Bittersweet, Roasted Hazelnut",Nutty/Cocoa,RM 40,https://cdn.store-assets.com/s/642193/i/93484619.png?width=1024&format=webp,Mixed,1200 masl,Wet-Hulled,Dark,Espresso,Indonesia,No,https://www.hisbrewroastery.com/collections/espresso-blends/products/sumatra-gayo-mountain
172,Omni Coffee Roasters,Choco Blend,,"Chocolate, Caramel, Chestnut, Roasted Almond",Nutty/Cocoa,RM 36,https://down-my.img.susercontent.com/file/my-11134207-7r98r-lzk0v9m8amhse3.webp,"Yellow Catuai,Castillo",mixed,"Washed,Natural",Medium-Dark,Espresso,"Brazil, Colombia",Yes,https://shopee.com.my/-Espresso-Omni-Coffee-Roasters-Choco-Blend-i.160932567.19983681247
173,Omni Coffee Roasters,Colombia Finca Milan Watermelon,,"Cantaloupe, Watermelon, Peach Candy",Fruity,RM 95,https://down-my.img.susercontent.com/file/my-11134207-820le-mj5di2nh2qki21.webp,Caturra,1400 masl,"Watermelon, Microbe, Nitro",Unknown,Both,Colombia,No,https://shopee.com.my/Colombia-Finca-Milan-Watermelon-Omni-Omni-Coffee-Roasters-i.160932567.54354183341
174,Omni Coffee Roasters,Costa Rica Las Margaritas #26 Honey,,"Green Apple, Red Grape, Passion Fruit, Honey Syrupy",Fruity,RM 75,https://down-my.img.susercontent.com/file/my-11134207-820ld-mj5d531i2akj3d.webp,Catuai,1900 masl,Honey,Light,Filter,Costa Rica,No,https://shopee.com.my/Costa-Rica-Las-Margaritas-26-Honey-Filter-Omni-Coffee-Roasters-i.160932567.57754183136
175,Omni Coffee Roasters,Nicaragua San Jose Gesha Natural,,"Floral, Pink Guava, Apricot, Soursop, Honey-like","Floral, Fruity",RM 110,https://down-my.img.susercontent.com/file/my-11134207-820li-mhfj4tr9eex6f9.webp,Geisha,1200 - 1400 masl,Natural,Light,Filter,Nicaragua,No,https://shopee.com.my/Nicaragua-San-Jose-Gesha-Natural-Filter-Coffee-Coffee-Bean--i.160932567.24057999673
176,Omni Coffee Roasters,Opus Blend,,"Citrus, Molasses Sugar, Nougat, Hazelnut","Fruity, Sweet",RM 44,https://down-my.img.susercontent.com/file/my-11134207-820l6-mh9yggs1iwwd54.webp,"Mixed, Heirloom",1800/ 2000 masl,"Washed,Natural",Medium,Espresso,"Guatemala, Ethiopia",Yes,https://shopee.com.my/-Espresso-OPUS-BLEND-3.0-Coffee-Bean-Omni-Coffee-Roasters-i.160932567.24276236883
177,Sol Coffee Roastery,Brazil Santos,,a nutty and even slightly caramel flavor,Sweet,RM 18,https://down-my.img.susercontent.com/file/b9dc22907fdc66a0f0d4ef01ebdbcbcc.webp,,1300 -1500 masl,Natural,Medium,Both,Brazil,No,https://shopee.com.my/Single-Origin-(-Brazil-Santos-)-i.233898652.6729499814?extraParams=%7B%22display_model_id%22%3A66129058236%7D
178,Sol Coffee Roastery,Colombia Supremo,,"classic, delicate sweetness complemented by an exotic, complex and fruity aroma","Sweet, Fruity",RM 23,https://down-my.img.susercontent.com/file/e5465699bce738d1b55f9c7c1bb0cd65.webp,,1000 - 1600 masl,Washed,Medium,Both,Colombia,No,https://shopee.com.my/Single-Origin-(Colombia-Supremo)-i.233898652.3629602390?extraParams=%7B%22display_model_id%22%3A46129102087%7D
179,Sol Coffee Roastery,Costa Rica Jaguar,,"Creamy Milk Chocolate & Caramel, Citrus and slight Sweet Berry Undertone","Nutty/Cocoa, Sweet",RM 31,https://down-my.img.susercontent.com/file/199a19eb8fda890779c01fd00d6776ea.webp,,1300 -1500 masl,Washed,Medium,Both,Costa Rica,No,https://shopee.com.my/Single-Origin-(-COSTA-RICA-JAGUAR-)-i.233898652.8582004250?extraParams=%7B%22display_model_id%22%3A111144829469%7D
180,Sol Coffee Roastery,Ethiopia Guji G1,,"Floral, Jasmine & Vanilla Finish",Floral,RM 29,https://down-my.img.susercontent.com/file/75d6cf0393394c7f4f44c1ebf0f492fc.webp,,2000 - 2300 masl,Washed,Medium,Both,Ethiopia,No,https://shopee.com.my/Single-Origin-(-ETHIOPIA-GUJI-G1-)-i.233898652.4479765057?extraParams=%7B%22display_model_id%22%3A46129015976%7D
181,Sol Coffee Roastery,Ethiopia Haile G1,,"Candied citrus orange peel flavors, sweet aftertaste","Fruity, Floral, Sweet",RM 34,https://down-my.img.susercontent.com/file/074f4605b36b57c3bb0a6555d56dab01.webp,,1680 - 1875 masl,Natural,Medium,Both,Ethiopia,No,https://shopee.com.my/Single-Origin-(-Ethiopia-Haile-G1-)-i.233898652.7822946141?extraParams=%7B%22display_model_id%22%3A93112289890%7D
182,Sol Coffee Roastery,Ethiopia Single Origin,,"Lemon, Cane Sugar, Berries with winey acidity","Fruity, Sweet",RM 29,https://down-my.img.susercontent.com/file/32a2117133c856695dd1322f2ea4e66f.webp,,2220 masl,Washed,Medium,Both,Ethiopia,No,https://shopee.com.my/Seasonal-(Ethiopia-Single-Origin)-i.233898652.7136981648?extraParams=%7B%22display_model_id%22%3A56187400993%7D
183,Sol Coffee Roastery,Ethiopia Yirgacheffe,,"Chocolate, lemon, floral, herbal",Nutty/Cocoa,RM 29,https://down-my.img.susercontent.com/file/78ad557762a07c3523a904766bd34f4f.webp,,1500 - 2100 masl,Washed,Medium,Both,Ethiopia,No,https://shopee.com.my/Single-Origin-(-ETHIOPIA-YIRGACHEFFE-)-i.233898652.2919666789?extraParams=%7B%22display_model_id%22%3A56129028724%7D
184,Sol Coffee Roastery,Guatemala,,"Full Body, Floral, Citrus, Chocolate, Sweet, Nutty (slight)","Floral, Fruity",RM 23,https://down-my.img.susercontent.com/file/3e073cfd9e212407b50de0684b76c481.webp,,1600 - 1700 masl,Washed,Medium,Both,Guatemala,No,https://shopee.com.my/Seasonal-(Guatemala-Single-Origin)-i.233898652.7138268182?extraParams=%7B%22display_model_id%22%3A76187283666%7D
185,Sol Coffee Roastery,India Monsoon Malabar,,"Earthy, slightly spicy note and medium full body",Spices,RM 53,https://down-my.img.susercontent.com/file/b20d3dd08eafc0ed3be08275f4730710.webp,,1200 - 1600 masl,Washed,Medium,Both,India,No,https://shopee.com.my/Single-Origin-(-INDIA-MONSOON-MALABAR-)-i.233898652.13632452302?extraParams=%7B%22display_model_id%22%3A121454203667%7D
186,Sol Coffee Roastery,Indonesia Gayo G1,,"Good body (creamy mouthfeel), Chocolaty, sweet","Nutty/Cocoa, Sweet",RM 27,https://down-my.img.susercontent.com/file/a91abea49fa6609660650a2f517d5759.webp,,1300 - 1500 masl,Semi-washed,Medium-Dark,Both,Indonesia,No,https://shopee.com.my/Single-Origin-(-INDONESIA-GAYO-G1-)-i.233898652.6756155040?extraParams=%7B%22display_model_id%22%3A36128965363%7D
187,Sol Coffee Roastery,Indonesia Mandheling G1,,"Herbal, Chocolate, Clean Earthy, Woody Notes, Spicy","Spices, Green/Vegetative",RM 26,https://down-my.img.susercontent.com/file/325f5113be2059a4bac587caf89b4e1e.webp,,1200 -1500 masl,Washed,Medium-Dark,Both,Indonesia,No,https://shopee.com.my/Single-Origin-(-INDONESIA-MANDHELING-G1-)-i.233898652.7238266702?extraParams=%7B%22display_model_id%22%3A66187266251%7D
188,Sol Coffee Roastery,Jamaica Blue Mountain,,"Sweet & Balance, Aromatic and full body with clean finish",Sweet,RM 214,https://down-my.img.susercontent.com/file/9f95e6b31ef4736e1b6cd76106abac9b.webp,,,Washed,Medium,Both,Jamaica,No,https://shopee.com.my/JAMAICA-BLUE-MOUNTAIN-FRESHLY-ROASTED-(-100-AUTHENTIC-)-100g-pkt-i.233898652.12111413178?extraParams=%7B%22display_model_id%22%3A84913780482%7D
189,Sol Coffee Roastery,Kenya,,creamy body of milk chocolate & brown sugar notes of apple and juicy blackcurrant,Nutty/Cocoa,RM 26,https://down-my.img.susercontent.com/file/237fecb561b3a9690696b5f184422e58.webp,,1600 - 2000 masl,Washed,Medium,Both,Kenya,No,https://shopee.com.my/Single-Origin-(-KENYA-)-i.233898652.3379855515?extraParams=%7B%22display_model_id%22%3A46129045606%7D
190,Sol Coffee Roastery,Liberica,,"Cigar Note, Balance with Chocolate Sweet",Nutty/Cocoa,RM 22,https://down-my.img.susercontent.com/file/sg-11134201-22110-a8kda6jriojvba.webp,,,,Medium,Both,,No,https://shopee.com.my/Single-Origin-(-Liberica-)-i.233898652.19461199961?extraParams=%7B%22display_model_id%22%3A213127052441%7D
191,Sol Coffee Roastery,Papua New Guinea Kongo,,"Full bodied, Berry Notes, Nut and Malt","Fruity, Nutty/Cocoa",RM 24,https://down-my.img.susercontent.com/file/a80c6fff736d2c55c26316b2bf86355f.webp,,1600 masl,"Washed,Sun-dried",Medium,Both,Papua New Guinea,No,https://shopee.com.my/Single-Origin-(-PAPUA-NEW-GUINEA-KONGO-)-i.233898652.9816914652?extraParams=%7B%22display_model_id%22%3A46187326192%7D
192,The Crackpots Coffee Roaster,Brazil Cerrado SC17/18 Fine Cup,,"Chocolate, Roasted Nuts, Caramel","Nutty/Cocoa, Roasted, Sweet",RM 40,https://cdn.shopify.com/s/files/1/0510/5831/1346/files/Asset_1.png?v=1773592036,Mixed Varietal,900-1100m,Natural,Unknown,Espresso,Brazil,No,https://thecrackpots.com/products/brazil-cerrado-ny2-sc15-16
193,The Crackpots Coffee Roaster,Colombia Huila La Esmeralda Typica Natural,,"Hint of wine, Yellow Peach, Mango, Grape Juice","Sour/Fermented, Fruity",RM 76,https://cdn.shopify.com/s/files/1/0510/5831/1346/files/ColombiaLaEsmeraldaTypicaNaturalFront.png?v=1773887088,Typica,1600-1800m,Natural,Unknown,Both,Colombia,No,https://thecrackpots.com/products/colombia-huila-la-esmeralda-typica-natural
194,The Crackpots Coffee Roaster,Colombia Huila La Provencia Java Anaerobic Natural,,"Black Forest Cake, Mango, Mikan, Pineapple","Sweet, Fruity",RM 92,https://cdn.shopify.com/s/files/1/0510/5831/1346/files/CHLPJAN-26-01_cover.png?v=1778476681,Java,1800m,Other Processing,Unknown,Both,Colombia,No,https://thecrackpots.com/products/colombia-huila-la-provencia-java-anaerobic-natural
195,The Crackpots Coffee Roaster,Colombia Huila Las Delicias Papayo Natural,,"Floral, Muscat Grape, Orange, Honey","Floral, Fruity, Sweet",RM 91,https://cdn.shopify.com/s/files/1/0510/5831/1346/files/CHLDPN-26-01_cover.png?v=1778476670,Papayo,1750m,Natural,Unknown,Both,Colombia,No,https://thecrackpots.com/products/colombia-huila-las-delicias-papayo-natural
196,The Crackpots Coffee Roaster,Colombia Las Margarita Rum Barrel Washed,,"Rum & Raisin, Tangerine, Honey, Brown Sugar","Sour/Fermented, Fruity, Sweet",RM 83,https://cdn.shopify.com/s/files/1/0510/5831/1346/files/ColombiaLaMargaritaRumBarrelWashedFront.png?v=1761873348,Castillo,1600-1800m,Rum Barrel Washed,Unknown,Both,Colombia,No,https://thecrackpots.com/products/colombia-las-margarita-rum-barrel-washed
197,The Crackpots Coffee Roaster,Colombia Quindio Las Isabela Papayo-Ombligon CM Natural,,"Mango, Pineapple, Peach, Passion Fruit Jam","Fruity, Sweet",RM 93,https://cdn.shopify.com/s/files/1/0510/5831/1346/files/ColombiaLasIsabelaPapayo-OmbligonCMNaturalFront.png?v=1778477214,"Papayo, Ombligon",1400m,Other Processing,Unknown,Both,Colombia,No,https://thecrackpots.com/products/colombia-quindio-las-isabela-papayo-ombligon-cm-natural
198,The Crackpots Coffee Roaster,Colombia Tolima El Jardin Caturra Anaerobic Natural,,"Passion Fruit, Apple, Berries, Grapes",Fruity,RM 72,https://cdn.shopify.com/s/files/1/0510/5831/1346/files/ColombiaTolimaElJardinYellowCaturraAnaerobicNaturalFront.png?v=1755221356,Yellow Caturra,1800m,Anaerobic Natural,Unknown,Both,Colombia,No,https://thecrackpots.com/products/colombia-tolima-el-jardin-caturra-anaerobic-natural
199,The Crackpots Coffee Roaster,Costa Rica Brunca Rivense Vista El Chirripo Washed Geisha,,"Floral, Honey, Orange, Pomelo, Balanced","Floral, Sweet, Fruity",RM 84,https://cdn.shopify.com/s/files/1/0510/5831/1346/files/CostaRicaBruncaRivenseVistaalChirripoGeishaWashedFront.png?v=1773887564,Geisha,1800-2000m,Washed,Unknown,Both,Costa Rica,No,https://thecrackpots.com/products/costa-rica-brunca-chirripo-rivense-vista-el-chirripo-washed-geisha
200,The Crackpots Coffee Roaster,"Costa Rica Canet Musician Series ""Haydn"" Raisin Honey",,"Rose, Dark Berries, Winey, Honey","Floral, Fruity, Sweet",RM 78,https://cdn.shopify.com/s/files/1/0510/5831/1346/files/CostaRicaCanetMusicianSeriesHaydnRaisinHoneybyTheCrackpotsFront.png?v=1769828741,Caturra,1900m,Raisin Honey,Unknown,Both,Costa Rica,No,https://thecrackpots.com/products/costa-rica-canet-musician-series-haydn-raisin-honey
201,The Crackpots Coffee Roaster,Costa Rica San Isidro Labrador Honey Bourbon,,"Honey, Floral, Citrusy, Darkberries, Plum","Sweet, Floral, Fruity",RM 76,https://cdn.shopify.com/s/files/1/0510/5831/1346/files/CostaRicaLosSantosSanIsidroLabradorHoneybourbonFront.png?v=1773887821,Bourbon,1900m-2000m,Honey,Unknown,Both,Costa Rica,No,https://thecrackpots.com/products/costa-rica-los-santos-san-isidro-labrador-honey-bourbon
202,The Crackpots Coffee Roaster,"Costa Rica Tarrazu Canet Musician Series ""Mozart""",,"Violet, Strawberry Wine, Caramel Milk, Dried Mango","Floral, Fruity, Sour/Fermented",RM 78,https://cdn.shopify.com/s/files/1/0510/5831/1346/files/CostaRicaTarrazuCanetMusicianSeriesMozartRaisinHoneybyTheCrackpotsCoffeeFront.png?v=1767928332,Caturra,1900m,Raisin Honey,Unknown,Both,Costa Rica,No,https://thecrackpots.com/products/costa-rica-tarrazu-canet-musician-series-mozart
203,The Crackpots Coffee Roaster,Dyadica Blend,,"Chocolate, Roasted Nut, Hints of Fruit, Caramel","Nutty/Cocoa, Roasted, Fruity, Sweet",RM 40,https://cdn.shopify.com/s/files/1/0510/5831/1346/files/Dyadica2024ProductImage.png?v=1733328553,,,Brazil: Pulped-natural; Ethiopia Sidama G4: Natural,Unknown,Espresso,"Brazil, Ethiopia",Yes,https://thecrackpots.com/products/dyadica
204,The Crackpots Coffee Roaster,Ethiopia Berg Wu Selection Guji Natural Lot. S25/02,,"Bergamot, Jasmine, Strawberry, Peach Jelly, Yuzu Rind","Fruity, Floral, Sweet",RM 73,https://cdn.shopify.com/s/files/1/0510/5831/1346/files/EthiopiaBergWuSelectionGujiNaturalLot25.02byTheCrackpotsFront.png?v=1769830667,"74110, 74112",2300m,Natural,Unknown,Both,Ethiopia,No,https://thecrackpots.com/products/berg-wu-selection-ethiopia-guji-natural-lot-s25-02
205,The Crackpots Coffee Roaster,Ethiopia Buku Hambella Bella Lullo Natural,,"Ginger Lily, Peach, White Cherry, Honey","Floral, Fruity, Sweet",RM 76,https://cdn.shopify.com/s/files/1/0510/5831/1346/files/EthiopiaBukuHambellaBellaLulloFront.png?v=1773888249,Heirloom,2300m,Natural,Unknown,Both,Ethiopia,No,https://thecrackpots.com/products/ethiopia-buku-hambella-bella-lullo-natural
206,The Crackpots Coffee Roaster,"Ethiopia Guji Uraga ""Peony"" Washed",,"Orange Blossom, Peach, Oolong","Floral, Fruity",RM 74,https://cdn.shopify.com/s/files/1/0510/5831/1346/files/EGUPW-26-01_cover.png?v=1778256250,Gesha,2500-2600m,Washed,Unknown,Both,Ethiopia,No,https://thecrackpots.com/products/ethiopia-guji-uraga-peony-washed
207,The Crackpots Coffee Roaster,"Ethiopia Guji Uraga ""Perfume Lemon""",,"White Floral, Lemon, Peach, Black Tea","Floral, Fruity",RM 71,https://cdn.shopify.com/s/files/1/0510/5831/1346/files/EGUPL-26-01_cover.png?v=1778134327,Heirloom,2100-2200m,Washed,Unknown,Both,Ethiopia,No,https://thecrackpots.com/products/ethiopia-guji-uraga-perfume-lemon
208,The Crackpots Coffee Roaster,Ethiopia Guji Uraga Tea Rose,,"Violets, Rose, Strawberry, Orange Blossom, White Peach","Floral, Fruity",RM 74,https://cdn.shopify.com/s/files/1/0510/5831/1346/files/Artboard13.png?v=1773886733,Heirloom,1900-2000m,Anaerobic Washed,Unknown,Both,Ethiopia,No,https://thecrackpots.com/products/ethiopia-guji-uraga-tea-rose-1
209,The Crackpots Coffee Roaster,Ethiopia Sidama Bensa Hamasho Tadessa S.D. Washed,,"White Floral, Citrus, Grapefruit, Vanilla, Black Tea","Floral, Fruity, Sweet",RM 75,https://cdn.shopify.com/s/files/1/0510/5831/1346/files/EthiopiaSidamaBensaHamashoTadessaS.D.WashedbyTheCrackpotsFront.png?v=1767021846,"74,158",2260m-2360m,Washed,Unknown,Both,Ethiopia,No,https://thecrackpots.com/products/ethiopia-sidama-bensa-hamasho-tadisa-washed-slow-dry-g1
210,The Crackpots Coffee Roaster,Ethiopia Sidama Bensa Shantawene Buncho Natural G1,,"Tropical Fruit, Tangerine, Fruit Gummy, Grapes, Lingering","Fruity, Sweet, Other",RM 72,https://cdn.shopify.com/s/files/1/0510/5831/1346/files/EthiopiaSidamaBensaShantaweneBunchoNaturalG1Front.png?v=1755222499,"74,158",2100-2360m,Natural,Unknown,Both,Ethiopia,No,https://thecrackpots.com/products/ethiopia-sidama-bensa-buncho-natural-g1
211,The Crackpots Coffee Roaster,Ethiopia Sidama Nensebo Bililign Tadessa Cooperative Natural,,"Floral, Peach, Mixed Berries, Passion Fruit, Jammy","Floral, Fruity, Sweet",RM 73,https://cdn.shopify.com/s/files/1/0510/5831/1346/files/EthiopiaSidamaNenseboBililignTadessaCooperativeNaturalFront.png?v=1773890828,Heirloom,2100m,Natural,Unknown,Both,Ethiopia,No,https://thecrackpots.com/products/ethiopia-sidama-nensebo-bililign-tadessa-cooperative-g1
212,The Crackpots Coffee Roaster,"Ethiopia Yirgacheffe Worka ""Queen Berry""",,"Malic, Mixed Berries, Chocolate, Vanilla","Fruity, Nutty/Cocoa, Sweet",RM 71,https://cdn.shopify.com/s/files/1/0510/5831/1346/files/EYWQB-26-01_cover.png?v=1778476983,Heirloom,2000-2100m,Natural,Unknown,Both,Ethiopia,No,https://thecrackpots.com/products/ethiopia-yirgacheffe-worka-queen-berry
213,The Crackpots Coffee Roaster,Guatemala Antigua Bella Carmona Geisha Washed,,"Bergamot, Citrus, Floral, Melon Sweetness, Honey","Fruity, Floral, Sweet",RM 82,https://cdn.shopify.com/s/files/1/0510/5831/1346/files/GuatemalaAntiguaBellaCarmonaGeishaWashedbyTheCrackpotsFront.png?v=1767021914,Geisha,1500m-1950m,Washed,Unknown,Both,Guatemala,No,https://thecrackpots.com/products/guatemala-antigua-bella-geisha-washed
214,The Crackpots Coffee Roaster,Kenya Rift Valley Nakuru Single Variety SL34 AA TOP,,"Blackcurrant, Plum, Hawthorn, Cedar",Fruity,RM 73,https://cdn.shopify.com/s/files/1/0510/5831/1346/files/KenyaRiftValleyNakuruSingleVarietySL34WashedAAbyTheCrackpotsFront.png?v=1769831128,SL34,1500-2000m,Washed,Unknown,Both,Kenya,No,https://thecrackpots.com/products/kenya-nakuru-single-estate-single-variety-sl34-aa-top
215,The Crackpots Coffee Roaster,Panama Boquete Kotowa Carolina Natural #3147-#3185,,"Hint of Tropical Fruits, Citrus, Roasted Nuts, Cane Sugar","Fruity, Roasted, Nutty/Cocoa, Sweet",RM 73,https://cdn.shopify.com/s/files/1/0510/5831/1346/files/PanamaBoqueteKotowaCarolinaNaturalbyTHeCrackpotsFront.png?v=1769836985,Caturra,1300m-1800m,Natural,Unknown,Both,Panama,No,https://thecrackpots.com/products/panama-boquete-carolina-caturra-natural-3147-3185
216,The Crackpots Coffee Roaster,Thailand Chiang Rai Srima Blueberry D.A. Honey,,"Mixed Berries, Stone Fruits, Blueberry, Black Forest Cake","Fruity, Sweet",RM 70,https://cdn.shopify.com/s/files/1/0510/5831/1346/files/ThailandChiangRaiSrimaBlueberryDoubleAnaerobicHoneybyTheCrackpotsCoffeeFront.png?v=1767927346,Caturra,1200m-1400m,Co-Ferment D.A. Honey,Unknown,Both,Thailand,No,https://thecrackpots.com/products/thailand-chiang-rai-srima-blueberry-d-a-honey
217,The Crackpots Coffee Roaster,Thailand Mae Hong Son Natural,,"Berries, Pineapple, Sugarcane, Clean Finishing","Fruity, Sweet",RM 72,https://cdn.shopify.com/s/files/1/0510/5831/1346/files/ThailandMaeHongSonNaturalbyTheCrackpotsCoffeeFront.png?v=1764921828,"Typica, Catuai, Caturra",1200-1300m,Natural,Unknown,Both,Thailand,No,https://thecrackpots.com/products/thailand-mae-hong-son-natural
218,The Crackpots Coffee Roaster,Uganda Kampala Ibero Natural,,"Raisin, Dark Chocolate, Honey, Jammy","Fruity, Nutty/Cocoa, Sweet",RM 40,https://cdn.shopify.com/s/files/1/0510/5831/1346/files/UgandaKampalaIberoNaturalbyTheCrackpots.png?v=1764691576,Mixed Varietal,1100-1300m,Natural,Unknown,Espresso,Uganda,No,https://thecrackpots.com/products/uganda-kampala-ibero-natural
219,The Crackpots Coffee Roaster,Hop Hop #36 - Nicaragua Nueva Segovia Washed SHG,,"Orange Zest, Tangerine, Sweet Nuts, Cacao","Fruity, Nutty/Cocoa, Sweet",RM 50,https://thecrackpots.com/cdn/shop/files/NNSSWS-26-01_cover.png?v=1778863034,Caturra & Bourbon,1200-1450m,Washed,Unknown,Espresso,Nicaragua,No,https://thecrackpots.com/products/hop-hop-series
220,The Crackpots Coffee Roaster,Hop Hop #38 - Kenya Kiambu Moran AA Lot 25/02,,"Dark Plum, Orange Peel, Blackberry",Fruity,RM 50,https://thecrackpots.com/cdn/shop/files/KKMAL-26-01_cover.png?v=1778863058,"SL28, SL34, Ruiru, Batian",1650m,Washed,Unknown,Espresso,Kenya,No,https://thecrackpots.com/products/hop-hop-series
221,The Crackpots Coffee Roaster,Hop Hop #40 - Ethiopia Guji Kercha G2 Natural,,"Orange, Strawberry, Honey","Fruity, Sweet",RM 50,https://thecrackpots.com/cdn/shop/files/EGKGN-26-01_cover.png?v=1778863121,Heirloom,2000-2100m,Natural,Unknown,Espresso,Ethiopia,No,https://thecrackpots.com/products/hop-hop-series
222,The Crackpots Coffee Roaster,Hop Hop #41 - Ethiopia Limu Badeyi Lot 11 Abdo Abamecha G1 Washed,,"Pomelo, Floral, Silky Mouthfeel","Fruity, Floral, Other",RM 50,https://thecrackpots.com/cdn/shop/files/ELBLAAGW-26-01_cover_af72635e-e7aa-49bc-a879-3d4a6d101cbf.png?v=1778862193,"74110, 74112",1950m,Washed,Unknown,Espresso,Ethiopia,No,https://thecrackpots.com/products/hop-hop-series
223,The Crackpots Coffee Roaster,Hop Hop #42 - Ethiopia Djimmah Badeyi Lot 14 Mustefa Abakeno G1 Washed,,"Lemon Tea, Blood Orange, Chrysanthemum","Fruity, Floral",RM 50,https://thecrackpots.com/cdn/shop/files/EDBLMAGW-26-01_cover.png?v=1781155010,"74110, 74112",1950m,Washed,Unknown,Espresso,Ethiopia,No,https://thecrackpots.com/products/hop-hop-series
224,The Crackpots Coffee Roaster,Hop Hop #43 - Yunnan LanChang TianHao Estate Anaerobic Natural,,"Red Wine, Raisin, Chocolate, Orange Zest","Fruity, Nutty/Cocoa",RM 50,https://thecrackpots.com/cdn/shop/files/CYLAN-26-01_cover.png?v=1781154940,Catimor & Typica,1200-1600m,Anaerobic Natural,Unknown,Espresso,Yunnan,No,https://thecrackpots.com/products/hop-hop-series
225,Toothless Coffee,Black Sheep Blend (Omni Roast),,"Molasses, Dark Chocolate, Raisins","Sweet, Nutty/Cocoa",RM 40,https://i0.wp.com/toothlesscoffee.com/wp-content/uploads/2023/11/13.png?fit=1024%2C1024&ssl=1,,,,Unknown,Espresso,"Brazil, Tanzania",Yes,https://toothlesscoffee.com/product/black-sheep-blend/
226,Toothless Coffee,Brazil Parana Norte Pioneiro,,"Citrus, Caramel, Milk Chocolate","Nutty/Cocoa, Sweet",RM 40,https://i0.wp.com/toothlesscoffee.com/wp-content/uploads/2023/11/8.png?fit=1024%2C1024&ssl=1,Yellow Catuai,1100 - 1100 MASL (Meter Above Sea Level),Naturally Sundried,Unknown,Espresso,Brazil,No,https://toothlesscoffee.com/product/brazil-parana-norte-pioneiro/
227,Toothless Coffee,Brazil Sul De Minas Samba Reserve,,"Citrus, Mixed Nuts, Dark Chocolate","Fruity, Nutty/Cocoa",RM 40,https://i0.wp.com/toothlesscoffee.com/wp-content/uploads/2023/11/10.png?fit=1024%2C1024&ssl=1,Mixed,1100-1300 MASL (Meter Above Sea Level),Natural,Unknown,Both,Brazil,No,https://toothlesscoffee.com/product/brazil-sul-de-minas-samba-reserve-copy/
228,Toothless Coffee,Colombia Narino Tablon de Gomez (Espresso Roast),,"Kumquat, Persimmon, Honey","Fruity, Sweet",RM 48,https://i0.wp.com/toothlesscoffee.com/wp-content/uploads/2023/11/18.png?fit=1024%2C1024&ssl=1,"Caturra, Castillo",1800-2100 MASL (Meter Above Sea Level),Washed,Unknown,Espresso,Colombia,No,https://toothlesscoffee.com/product/colombia-narino-tablon-de-gomez/
229,Toothless Coffee,Colombia Narino Tablon de Gomez (Filter Roast),,"Kumquat, Persimmon, Honey","Fruity, Sweet",RM 48,https://i0.wp.com/toothlesscoffee.com/wp-content/uploads/2023/11/18.png?fit=1024%2C1024&ssl=1,"Caturra, Castillo",1800-2100 MASL (Meter Above Sea Level),Washed,Unknown,Filter,Colombia,No,https://toothlesscoffee.com/product/colombia-narino-tablon-de-gomez/
230,Toothless Coffee,El Salvador Santa Ana La Cabana,,"Persimmon, Apricot, Melon",Fruity,RM 65,https://i0.wp.com/toothlesscoffee.com/wp-content/uploads/2023/11/4.png?fit=1024%2C1024&ssl=1,Mixed Bourbon,1500 MASL (Meter Above Sea Level),Naturally Sundried,Unknown,Filter,El Salvador,No,https://toothlesscoffee.com/product/el-salvador-santa-anala-cabana/
231,Toothless Coffee,Giant Panda Blend,,"Plum, Caramel, Dark Chocolate","Fruity, Nutty/Cocoa",RM 40,https://i0.wp.com/toothlesscoffee.com/wp-content/uploads/2019/09/IMG_2837.png?fit=1024%2C1024&ssl=1,,,,Unknown,Espresso,"Brazil, Ethiopia",Yes,https://toothlesscoffee.com/product/giant-panda-blend/
232,Toothless Coffee,Honduras Marcala Comsa (JH Honey),,"Lemon Candy, Wild Honey, Mixed Pear","Sweet, Fruity",RM 60,https://i0.wp.com/toothlesscoffee.com/wp-content/uploads/2023/11/6.png?fit=1024%2C1024&ssl=1,"Paraineima, Lempira & Icatu",1600 MASL (Meter Above Sea Level),JH Honey,Unknown,Both,Honduras,No,https://toothlesscoffee.com/product/honduras-marcala-comsa-co-operative-2/
233,Toothless Coffee,Honduras Marcala Comsa (JH Natural),,"Mixed Berries, Goober Peanut Butter, Chocolate","Fruity, Nutty/Cocoa",RM 60,https://i0.wp.com/toothlesscoffee.com/wp-content/uploads/2023/11/7.png?fit=1024%2C1024&ssl=1,"Paraineima, Lempira & Icatu",1600 MASL (Meter Above Sea Level),JH Natural,Unknown,Both,Honduras,No,https://toothlesscoffee.com/product/honduras-marcala-comsa-co-operative-3/
234,Toothless Coffee,Indonesia Kamala Bener Meriah Lot 3,,"Soursop, Lemon, Cocoa Nibs",Nutty/Cocoa,RM 70,https://i0.wp.com/toothlesscoffee.com/wp-content/uploads/2023/11/19.png?fit=1024%2C1024&ssl=1,"Abyssinia, Ateng",1300-1400 MASL (Meter Above Sea Level),Anaerobic Natural,Unknown,Both,Indonesia,No,https://toothlesscoffee.com/product/indonesia-kamala-bener-meriah-lot-3/
235,V Coffee Malaysia,Apus,,Rich,Other,RM 31,https://down-my.img.susercontent.com/file/my-11134207-7qul7-lggfyuczcjoq28.webp,,,,Medium,Both,"Brazil, Colombia",Yes,https://shopee.com.my/V-Coffee-Apus-(Medium-Roast)-200g-400g-Arabica-Coffee-Bean-i.228481819.5817272723
236,V Coffee Malaysia,Aries,,"Citrus, Floral, Lemony Herbs","Fruity, Floral",RM 32,https://down-my.img.susercontent.com/file/my-11134207-23010-klcg44kny9lvd1.webp,,,,Medium Light,Both,"Ethiopia, Guatemala",Yes,https://shopee.com.my/V-Coffee-ARIES-(Medium-Light-Roast)-200g-400g-Arabica-Coffee-Bean-i.228481819.21671232024
237,V Coffee Malaysia,Brazil,,"Hints of chocolate, caramel, or slightly nutty notes that shine through",Nutty/Cocoa,RM 31,https://down-my.img.susercontent.com/file/my-11134207-7qul4-lggfyuczdy96a9.webp,,,,Medium-Dark,Both,Brazil,No,https://shopee.com.my/V-Coffee-Brazil-(Medium-Dark-Roast)-200g-400g-Arabica-Coffee-Bean-i.228481819.6917272267
238,V Coffee Malaysia,Carina,,"Milk chocolate, Red Berry, Nutty Finish",Nutty/Cocoa,RM 30,https://down-my.img.susercontent.com/file/my-11134207-7qul5-lggg2lf9w76x08.webp,,,,Medium,Both,"Brazil, Honduras, Ethiopia",Yes,https://shopee.com.my/V-Coffee-Carina-(Medium-Roast)-200g-400g-Arabica-Coffee-Bean-i.228481819.8416760204
239,V Coffee Malaysia,Colombia,,"chocolate, nuts, herbs, fruit, and a citrusy acidity",Nutty/Cocoa,RM 33,https://down-my.img.susercontent.com/file/my-11134207-7r98x-lmh7wq0uakd263.webp,,,,Dark,Both,Colombia,No,https://shopee.com.my/V-Coffee-Colombia-(Medium-Dark-Roast)-200g-400g-Arabica-Coffee-Bean-i.228481819.6417272468
240,V Coffee Malaysia,Costa Rica,,"honey, chocolate, citrus, vanilla, grape and molasses","Sweet, Nutty/Cocoa",RM 27,https://down-my.img.susercontent.com/file/my-11134207-7qul9-lfz47toqqag998.webp,,,,Medium,Both,Costa Rica,No,https://shopee.com.my/V-Coffee-Costa-Rica-(Medium-Roast)-200g-400g-Arabica-Coffee-Bean-i.228481819.20088064830
241,V Coffee Malaysia,Draco,,"Deep caramel, sweet citrus, floral finish",Sweet,RM 31,https://down-my.img.susercontent.com/file/my-11134207-7r990-lmh87c31fedye7.webp,,,,Medium Light,Both,"Ethiopia, Colombia",Yes,https://shopee.com.my/V-Coffee-Draco-(Medium-Light-Roast)-200g-400g-Arabica-Coffee-Bean-i.228481819.18279130676
242,V Coffee Malaysia,El Salvador,,"full, body taste without a lot of the acidity, honey, like sweetness",Sweet,RM 32,https://down-my.img.susercontent.com/file/my-11134207-7qukz-lfz4y8v6lld529.webp,,,,Medium,Both,El Salvador,No,https://shopee.com.my/V-Coffee-El-Salvador-(Medium-Roast)-200g-400g-Arabica-Coffee-Bean-i.228481819.22366000107
243,V Coffee Malaysia,Ethiopia,,bright fruited and floral flavours with a silky mouthfeel,Floral,RM 33,https://down-my.img.susercontent.com/file/my-11134207-7r98o-lmh7ofu0upau8d.webp,,,,Medium Light,Both,Ethiopia,No,https://shopee.com.my/V-Coffee-Ethiopia-(Medium-Light-Roast)-200g-400g-Arabica-Coffee-Bean-i.228481819.8531688731
244,V Coffee Malaysia,Guatemala,,"Chocolate, Floral, Citrus",Nutty/Cocoa,RM 33,https://down-my.img.susercontent.com/file/my-11134207-7qul8-lgggjmoams1573.webp,,,,Medium,Both,Guatemala,No,https://shopee.com.my/V-Coffee-Guatemala-(Medium-Roast)-200g-400g-Arabica-Coffee-Bean-i.228481819.6717273310
245,V Coffee Malaysia,Hercules,,Toasted cereal and cocoa notes,"Roasted, Nutty/Cocoa",RM 29,https://down-my.img.susercontent.com/file/my-11134207-7r991-lmh93szkls5v19.webp,,,,Medium-Dark,Both,"Brazil, Colombia",Yes,https://shopee.com.my/V-Coffee-HERCULES-(Medium-Dark-Roast)-200g-400g-Arabica-Coffee-Bean-i.228481819.18671233210
246,V Coffee Malaysia,Honduras,,"Cane sugar sweetness, caramel, like, fruited",Sweet,RM 30,https://down-my.img.susercontent.com/file/my-11134207-7qul0-lfz4y8v6sm7dee.webp,,,,Medium,Both,Honduras,No,https://shopee.com.my/V-Coffee-Honduras-(Medium-Roast)-200g-400g-Arabica-Coffee-Bean-i.228481819.20179115687
247,V Coffee Malaysia,Hydra,,"Notes of sweet caramel, Cocoa, with a bright middle and a berry finish","Sweet, Nutty/Cocoa",RM 31,https://down-my.img.susercontent.com/file/my-11134207-7qula-lfy05nkekne16b.webp,,,,Medium,Both,"Ethiopia, Colombia",Yes,https://shopee.com.my/V-Coffee-Hydra-(Medium-Roast)-200g-400g-Arabica-Coffee-Bean-i.228481819.21279089470
248,V Coffee Malaysia,Indonesia,,"earthy, mustiness, spice, wood, tobacco and leather, unsweetened or dark cocoa aftertaste",Spices,RM 31,https://down-my.img.susercontent.com/file/my-11134207-7qul3-lggfyuczkz3ec2.webp,,,,Medium-Dark,Both,Indonesia,No,https://shopee.com.my/V-Coffee-Indonesia-(Medium-Dark-Roast)-200g-400g-Arabica-Coffee-Bean-i.228481819.3639208403
249,V Coffee Malaysia,Indus,,Nuttiness,Nutty/Cocoa,RM 22,https://down-my.img.susercontent.com/file/my-11134207-7qul4-lfz34ygq8tka3b.webp,,,,Medium,Both,"Brazil, Indonesia",Yes,https://shopee.com.my/V-Coffee-Indus-(Medium-Roast)-200g-400g-Arabica-Coffee-Bean-i.228481819.15498699062
250,V Coffee Malaysia,Kenya,,"Vibrant yet clean and crisp, bold and bright, with floral or fruity undertones","Fruity, Floral",RM 43,https://down-my.img.susercontent.com/file/my-11134207-7qul7-lggfyuczjkiyce.webp,,,,Medium Light,Both,Kenya,No,https://shopee.com.my/V-Coffee-Kenya-(Medium-Light-Roast)-200g-400g-Arabica-Coffee-Bean-i.228481819.8631690267
251,V Coffee Malaysia,Leo,,"Mixed nuts, Burnt Sugar","Nutty/Cocoa, Sweet",RM 31,https://down-my.img.susercontent.com/file/my-11134207-23010-9rd15m5ey9lv86.webp,,,,Medium-Dark,Both,"Brazil, Colombia",Yes,https://shopee.com.my/V-Coffee-LEO-(Medium-Dark-Roast)-200g-400g-Arabica-Coffee-Bean-i.228481819.23218397824
252,V Coffee Malaysia,Libra,,,,RM 30,https://down-my.img.susercontent.com/file/my-11134207-7r98x-lmh7ofu0m9w606.webp,,,,Dark,Both,"Brazil, Colombia",Yes,https://shopee.com.my/V-Coffee-Libra-(Dark-Roast)-200g-400g-Arabica-Coffee-Bean-i.228481819.6635802241
253,V Coffee Malaysia,Lyra,,"Cocoa, molasses, chocolate, covered prunes",Nutty/Cocoa,RM 31,https://down-my.img.susercontent.com/file/my-11134207-7qul2-lfz34ygqfuei4f.webp,,,,Medium,Both,"Brazil, Honduras",Yes,https://shopee.com.my/V-Coffee-Lyra-(Medium-Roast)-200g-400g-Arabica-Coffee-Bean-i.228481819.22640511761
254,V Coffee Malaysia,Nicaragua San Jose Gesha,,"Citrus, Chocolate, Vanilla, Caramel","Fruity, Nutty/Cocoa, Sweet",RM 33,https://down-my.img.susercontent.com/file/my-11134207-7qul4-lfz59r5gcd6280.webp,,,,Medium Light,Both,Nicaragua,No,https://shopee.com.my/V-Coffee-Nicaragua-(Medium-Roast)-200g-400g-Arabica-Coffee-Bean-i.228481819.18988075689
255,V Coffee Malaysia,Norma,,"Smooth, bold flavour without being bitter and bring notes of Dark Chocolate and graham cracker.",Nutty/Cocoa,RM 22,https://down-my.img.susercontent.com/file/my-11134207-7quky-lfz34ygqh8yy39.webp,,,,Medium-Dark,Both,"Brazil, Indonesia",Yes,https://shopee.com.my/V-Coffee-Norma-(Medium-Dark-Roast)-200g-400g-Arabica-Coffee-Bean-i.228481819.18079141019
256,V Coffee Malaysia,Orion,,Vanilla,Sweet,RM 30,https://down-my.img.susercontent.com/file/my-11134207-7qul8-lfz3o0zlllk926.webp,,,,Medium-Dark,Both,"Brazil, Guatemala",Yes,https://shopee.com.my/V-Coffee-Orion-(Medium-Dark-Roast)-200g-400g-Arabica-Coffee-Bean-i.228481819.23866007640
257,V Coffee Malaysia,Papua New Guinea,,"Dark Berries, Dark Chocolate","Fruity, Nutty/Cocoa",RM 28,https://down-my.img.susercontent.com/file/my-11134207-7qul5-lfz59r5gdrqicf.webp,,,,Medium,Both,Papua New Guinea,No,https://shopee.com.my/V-Coffee-Papua-New-Guinea-(Medium-Roast)-200g-400g-Arabica-Coffee-Bean-i.228481819.22740518812
258,V Coffee Malaysia,Pavo,,"Milk Chocolate, Toffee, Maple Syrup, Honts of Pecan","Nutty/Cocoa, Sweet",RM 30,https://down-my.img.susercontent.com/file/my-11134207-7qul7-lggg2lfa1tgp21.webp,,,,Medium,Both,"Brazil, Guatemala",Yes,https://shopee.com.my/V-Coffee-PAVO-(Medium-Roast)-200g-400g-Arabica-Coffee-Bean-i.228481819.13147981324
259,V Coffee Malaysia,Phoenix,,,,RM 31,https://down-my.img.susercontent.com/file/my-11134207-7qukx-lggg2lf9nrs984.webp,,,,Medium,Both,"Guatemala, Ethiopia",Yes,https://shopee.com.my/V-Coffee-Phoenix-(Medium-Roast)-200g-400g-Arabica-Coffee-Bean-i.228481819.12547977865
260,V Coffee Malaysia,Taurus,,Cocoa,Nutty/Cocoa,RM 31,https://down-my.img.susercontent.com/file/my-11134207-7qul3-lggg2lf9te2137.webp,,,,Medium-Dark,Both,"Brazil, Honduras",Yes,https://shopee.com.my/V-Coffee-Taurus-(Medium-Dark-Roast)-200g-400g-Arabica-Coffee-Bean-i.228481819.12225713439?extraParams=%7B%22display_model_id%22%3A221559058827%7D
261,V Coffee Malaysia,Ursa,,"Dark Chocolate, Caramel, Baking Spice, Pine Nuts",Nutty/Cocoa,RM 31,https://down-my.img.susercontent.com/file/my-11134207-7qukw-lfz3o0zln04p66.webp,,,,Medium-Dark,Both,"Brazil, Honduras, Ethiopia",Yes,https://shopee.com.my/V-Coffee-Ursa-(Medium-Dark-Roast)-200g-400g-Arabica-Coffee-Bean-i.228481819.19988069293
262,V Coffee Malaysia,Vela,,"Maple Syrup, Roasted Nuts","Sweet, Roasted, Nutty/Cocoa",RM 32,https://down-my.img.susercontent.com/file/my-11134207-7qukz-lfz3o0zlu0yx6f.webp,,,,Medium-Dark,Both,"Brazil, Colombia, Guatemala",Yes,https://shopee.com.my/V-Coffee-Vela-(Medium-Dark-Roast)-200g-400g-Arabica-Coffee-Bean-i.228481819.16894440635
263,V Coffee Malaysia,Virgo,,"Chocolate, Hint of Spice",Nutty/Cocoa,RM 32,https://down-my.img.susercontent.com/file/my-11134207-7qul3-lfz3o0zlvfjd23.webp,,,,Medium,Both,"Brazil, Colombia, Guatemala",Yes,https://shopee.com.my/V-Coffee-Virgo-(Medium-Roast)-200g-400g-Arabica-Coffee-Bean-i.228481819.22365998733
264,VCR,Brazil Cerrado,,"Dark Chocolate, Granola, Caramel",Nutty/Cocoa,RM 29,https://down-my.img.susercontent.com/file/my-11134207-7rash-m681g4lbu2qb15.webp,"Bourbon,Catuai",1000 - 1300 masl,Natural,Medium,Espresso,Brazil,No,https://shopee.com.my/VCR-Single-Origin-Arabica-Coffee-(Espresso-Roast)-Brazil-Cerrado-(Coffee-Bean-Ground-Coffee)-(300g-1kg)-i.254595420.12153458842
265,VCR,El Salvador El Martillo Anaerobic,,"Passionfruit, Yellow Raisin, Apricot","Fruity, Sweet",RM 80,https://down-my.img.susercontent.com/file/my-11134207-7rasm-m684zh8krdk9bb.webp,Bourbon,"1, 650 - 1, 700 masl",Anaerobic,Light,Filter,El Salvador,No,https://shopee.com.my/VCR-Single-Origin-Arabica-Coffee-(Filter-Roast)-El-Salvador-El-Martillo-Anaerobic-(Coffee-Bean-Ground-Coffee)-(200g)-i.254595420.29526184208?extraParams=%7B%22display_model_id%22%3A109399310786%7D&is_from_login=true
266,VCR,Ethiopia Diima Benti Nenka,,"Jackfruit, Mango, Blueberry, Raisin","Fruity, Sweet",RM 80,https://down-my.img.susercontent.com/file/my-11134207-7rask-mdl2hqutdn0fe4.webp,Heirloom,"2, 000 - 2, 300 masl",Natural,Light,Filter,Ethiopia,No,https://shopee.com.my/VCR-Single-Origin-Arabica-Coffee-(Filter-Roast)-Ethiopia-Diima-Benti-Nenka-4-(Coffee-Bean-Ground-Coffee)-(200g)-i.254595420.25996459183
267,VCR,Ethiopia Getaneh Endale Mengesha,,"Grapefruit, Strawberry, Prune, Earl Grey",Fruity,RM 80,https://down-my.img.susercontent.com/file/my-11134207-7rask-mdl3n42s30p4b4.webp,Heirloom,2019 masl,Natural,Light,Filter,Ethiopia,No,https://shopee.com.my/VCR-Single-Origin-Arabica-Coffee-(Filter-Roast)-Ethiopia-Getaneh-Endale-Mengesha-(Coffee-Bean-Ground-Coffee)-(200g)-i.254595420.42213862267
268,VCR,VCR Brazil & Columbia Blend,,"Pear, Toffee, Butterscotch, Chocolate","Fruity, Nutty/Cocoa, Sweet",RM 35,https://down-my.img.susercontent.com/file/my-11134207-7rasl-majko5okkqvff5.webp,"Bourbon,Catuai,Caturra,Castillo,Colombia","1, 000 - 1, 300 masl , 1, 500 masl","Natural,Washed",Medium,Espresso,"Brazil, Colombia",Yes,https://shopee.com.my/VCR-Blend-Arabica-Coffee-(Espresso-Roast)-(Brazil-Colombia)-Coffee-Bean-Ground-Coffee-(300g-1kg)-i.254595420.5339254560
269,Yello Coffee Solution,BLAKE -- I I II I 03,,"Gentle acidity, Full Body, Toasted Almond, Cacao, Caramel sweetness, Chocolate finish","Nutty/Cocoa, Roasted",RM 32,https://cdn.store-assets.com/s/746806/i/95248026.png,,,,Medium-Dark,Both,"Brazil, Papua New Guinea",Yes,https://www.yellocoffeesolution.com/products/yello-03
270,Yello Coffee Solution,China YunNan - Anaerobic Natural,,"Grape, Raisin, Passion Fruit, Cacao","Fruity, Nutty/Cocoa",RM 80,https://cdn.store-assets.com/s/746806/i/99340336.png,"Catimor, Typica",1200 - 1600 masl,Anaerobic Natural,Medium Light,Both,Yunnan,No,https://www.yellocoffeesolution.com/products/china-yunnan-lan-chang-tian-hao-
271,Yello Coffee Solution,Colombia Granja El Paraiso 92 Yeast Anaerobic,,"Guava, Red Grape, Purple Floral, Sweet Fruit Candy","Floral, Fruity, Sweet",RM 120,https://cdn.store-assets.com/s/746806/i/99339786.png,Red Bourbon,1800 - 1950 masl,"ed with the Yeast Anaerobic method and grown at 1800–1950 masl , this light roast highlights the vibrant character of Red Bourbon. The cup bursts with guava, red grape, purple florals, and sweet fruit candy , offering a clean yet playful expression of Colombian terroir. (100g)",Light,Both,Colombia,No,https://www.yellocoffeesolution.com/products/-colombia-granja-el-paraiso-92-yeast-anaerobic
272,Yello Coffee Solution,Ethiopia Alo Sidama Bensa - Natural 102Hrs,,"Red Currant, Yellow Peach, Roselle",Fruity,RM 150,https://cdn.store-assets.com/s/746806/i/99340168.png,"74,158",2060 -2220 masl,"ed over 102 hours at 2060–2220 masl , this light roast highlights the vibrant character of",Light,Both,Ethiopia,No,https://www.yellocoffeesolution.com/products/ethiopia-alo-sidama-bensa-natural-102hrs
273,Yello Coffee Solution,Ethiopia Nensenbo Mewa - Wahsed,,"Lily Florals, Honey, Orange, Apricot","Floral, Sweet, Fruity",RM 90,https://cdn.store-assets.com/s/746806/i/99320915.png,"s. This light roast highlights delicate lily florals , honey , and vibrant notes of orange and apricot , offering a bright and refreshing cup. Packaged in a 100g size, it’s a perfect choice for coffee lovers seeking a complex and aromatic experience",2000 masl,"coffee grown at 2000 masl, featuring a blend of 74110 , 74112 , and 74158 varietals. This light roast highlights delicate lily florals , honey , and vibrant notes of orange and apricot , offering a bright and refreshing cup. Packaged in a 100g size, it’s a perfect choice for coffee lovers seeking a complex and aromatic experience",Light,Both,Ethiopia,No,https://www.yellocoffeesolution.com/products/indonesia-flores-manggarai-lot-1159-anaerobic-natural
274,Yello Coffee Solution,FRUITY -- I I II I 02,,"Intense fruitiness notes, Rich Sweetness, Complex Finish","Fruity, Sweet",RM 40,https://cdn.store-assets.com/s/746806/i/95245854.png,,,,Medium,Both,"Yunnan, Ethiopia",Yes,https://www.yellocoffeesolution.com/products/yello-02
275,Yello Coffee Solution,Honduras Cabanas La Paz Proyecto - Washed,,"Plum, Tamarind, Yellow Floral, Black Tea",Floral,RM 90,https://cdn.store-assets.com/s/746806/i/99320138.png,Lempira,1650 masl,Washed,Light,Both,Honduras,No,https://www.yellocoffeesolution.com/products/honduras-cabanas-la-paz-proyecto-washed-
276,Yello Coffee Solution,KENYA AA - washed,,"Black Berries, Blackcurrant, Black Tea",Fruity,RM 80,https://cdn.store-assets.com/s/746806/i/95500701.png,,,Washed,Medium Light,Both,Kenya,No,https://www.yellocoffeesolution.com/products/rwanda-western-province-rutriso-natural-process
277,Yello Coffee Solution,NUTTY -- I I ll I 01,,"Roasted Almond, Light Caramel, Chocolate Finish",Nutty/Cocoa,RM 32,https://cdn.store-assets.com/s/746806/i/95246420.png,,,"ed using the natural and washed process method, offer a medium roast that strikes the perfect balance. Brazil with El Salvador blend presents a distinct taste profile, with mild acidity and rich caramel flavor. It reveals hints of lingering chocolaty finish. Brazil Cerrado NN2 SSFC 17/18 EL Salvador Sigli XX1 SHG EP",Medium,Both,"Brazil, El Salvador",Yes,https://www.yellocoffeesolution.com/products/yello-01-
278,Yello Coffee Solution,S O E - HONDURAS I I II I 04,,"Wild Berries, Dry Fruit, Brown Sugar",Fruity,RM 50,https://cdn.store-assets.com/s/746806/i/95252226.png,,,natural,Medium,Espresso,Honduras,No,https://www.yellocoffeesolution.com/products/y-e-ll-o-04-sidama-doora-natural
279,Yello Coffee Solution,S O E -- CHINA YUNNAN -- I I II I 04,,"Grape, Raisin, Passion Fruit, Cacao",Sour/Fermented,RM 65,https://cdn.store-assets.com/s/746806/i/95290147.png,"Catimor, Typica",1200 - 1600 masl,Anaerobic Natural,Medium,Espresso,Yunnan,No,https://www.yellocoffeesolution.com/products/y-e-ll-o-04-sidama-doora-natural-1
280,Yello Coffee Solution,S O E -- ETHIOPIA ALO -- I I II I 04,,"Redcurrant, Yellow Peach, Roselle",Floral,RM 150,https://cdn.store-assets.com/s/746806/i/95484703.png,"74,158",2060 - 2220 masl,Natural 102hr,Medium,Espresso,Ethiopia,No,https://www.yellocoffeesolution.com/products/y-e-ll-o-04-sidama-doora-natural-1-1
281,Charlie's Factory,Wake me Up,,"Floral, Honey Dew, Earl Grey, Strawberries","Floral, Sweet",RM 60,https://down-my.img.susercontent.com/file/my-11134207-7ras9-mb1wmjy7a14bc9.webp,Kurume,1900 - 2200 masl,Washed,Medium Light,Both,Ethiopia,No,https://shopee.com.my/Charlie's-Factory-Wake-me-Up-Specialty-Ethiopia-100-Arabica-Single-Origin-Coffee-Bean-Espresso-Filter-i.1062845438.28225640966?extraParams=%7B%22display_model_id%22%3A176957679310%7D
282,Charlie's Factory,Gentle Club,,"Green Apple, Prune, Lemongrass, Black Tea",Fruity,RM 52,https://down-my.img.susercontent.com/file/my-11134207-7rasg-maut714uhyx7f8.webp,"Typica,AB,Catimor,Hibrida de Timor",1000 - 1800 masl,Wet-Hulled,Medium Light,Filter,Indonesia,No,https://shopee.com.my/Charlie's-Factory-Gentle-Club-Specialty-Gayo-Single-Origin-100-Arabica-Filter-Medium-Light-Coffee-Bean-i.1062845438.43754089176?extraParams=%7B%22display_model_id%22%3A275346768505%7D
283,Charlie's Factory,Pomodoro,,"Caramel, Blackberry, Nutty, Green Apple","Sweet, Fruity",RM 52,https://down-my.img.susercontent.com/file/my-11134207-820l9-mfalon7mpo22f5.webp,"Catimor,Typica",1600 - 1900 masl,Washed,Medium,Filter,Yunnan,No,https://shopee.com.my/Charlie's-Factory-POMODORO-Specialty-Yunnan-100-Arabica-Single-Origin-Filter-Coffee-Bean-Medium-Roast-i.1062845438.25891243982?extraParams=%7B%22display_model_id%22%3A188202381489%7D
284,Charlie's Factory,Dear Mug,,"Mandarin, Floral, Black Tea, Berries","Fruity, Floral",RM 60,https://down-my.img.susercontent.com/file/my-11134207-7ras8-mbby2d15w69z2b.webp,JARC 4158,1900 - 2200 masl,Natural Sun Dried,Medium,Both,Ethiopia,No,https://shopee.com.my/Charlie's-Factory-Dear-Mug-Specialty-Ethiopia-Aroresa-100-Arabica-Single-Origin-Omni-Coffee-Bean-Medium-i.1062845438.43505556312?extraParams=%7B%22display_model_id%22%3A290468668240%7D
285,Charlie's Factory,Palo Santo,,"Honey, Creamy, Chestnut, Caramel",Sweet,RM 58,https://down-my.img.susercontent.com/file/my-11134207-7rasc-mbbxsgqtbfze69.webp,"Caturra,Catuai",1300 - 1500 masl,Washed,Light,Filter,Honduras,No,https://shopee.com.my/Charlie's-Factory-Palo-Santo-Specialty-Honduras-100-Arabica-Single-Origin-Filter-Light-Roast-Coffee-Bean-i.1062845438.42355555820?extraParams=%7B%22display_model_id%22%3A300468427627%7D
286,Charlie's Factory,Keto Diet,,"Purple Grapes, Blackcurrent, Berry",Fruity,RM 52,https://down-my.img.susercontent.com/file/my-11134207-7rasm-m93kq5x1zr5gc4.webp,Heirloom,1000 - 2000 masl,Natural,Light,Filter,Tanzania,No,https://shopee.com.my/Charlie's-Factory-Keto-Diet-Specialty-Tanzania-100-Arabica-Single-Origin-Filter-Coffee-Bean-Light-Roast-i.1062845438.26375695462?extraParams=%7B%22display_model_id%22%3A252609798973%7D
287,Charlie's Factory,Espresso Blend Coffee,,"Nutty, Caramel, White Cacao, Stone Fruits",Nutty/Cocoa,RM 46,https://down-my.img.susercontent.com/file/my-11134207-7rask-md2ppdyv3sida3.webp,Red Caturai,,"Chapada Natural,Washed",Medium-Dark,Espresso,"Brazil, Colombia",Yes,https://shopee.com.my/Charlie's-Factory-Espresso-Blend-Coffee-Brazil-Colombia-Specialty-100-Arabica-Coffee-Bean-Medium-Dark-i.1062845438.28075641032?extraParams=%7B%22display_model_id%22%3A205774674612%7D
288,Dateless Coffee,[Aera Experimental] Alo Chilaka 74158 Honey,,"Perfume-like white florals, Magnolia, Nectarine, Soft Citrus, Lemon Cream, Palate: Rounded body, Honey finish","Floral, Fruity, Sweet",RM 130,https://cdn.shopify.com/s/files/1/0935/4988/7771/files/F5EB5C6C-6768-4A2E-80D3-551134791820.jpg?v=1777559834,"74,158",,Honey,Unknown,Filter,Ethiopia,No,https://datelesscoffee.com/products/aera-alo-chilaka
289,Dateless Coffee,Agricola Washed Obata,,"Nectarine, Dry Orange, Blueberry, White tea","Fruity, Sweet, Floral",RM 110,https://cdn.shopify.com/s/files/1/0935/4988/7771/files/IMG-4004.png?v=1779210874,Obata,,Washed,Unknown,Both,Panama,No,https://datelesscoffee.com/products/agricola-washed-obata-copy
290,Dateless Coffee,Alo Overripe Anaerobic Washed 74158,,"Orange Blossom, Papaya, Yuzu, Raspberry",Fruity,RM 160,https://cdn.shopify.com/s/files/1/0935/4988/7771/files/E546A435-8169-4595-82A9-D6AA1F43A7F7.png?v=1777552498,"74,158",,Anaerobic Washed,Unknown,Both,Ethiopia,No,https://datelesscoffee.com/products/copy-alo-tomodachi-double-anaerobic-honey-74158
291,Dateless Coffee,Alo Washed 74158,,"Lavendar, Peach, Chrysanthemum, Blueberry","Floral, Fruity",RM 110,https://cdn.shopify.com/s/files/1/0935/4988/7771/files/FD1EB174-5A98-4A7B-907B-9D90A68C4A65.png?v=1777552498,"74,158",,Washed,Unknown,Both,Ethiopia,No,https://datelesscoffee.com/products/filter-ethiopia-alo-washed
292,Dateless Coffee,Altieri Dilgo #25 Dry Ferment Natural Geisha,,"Muscat grape, Strawberry, Rose, Tangerine, Honeycomb","Fruity, Sweet",RM 360,https://cdn.shopify.com/s/files/1/0935/4988/7771/files/C1C7CE6A-D4EB-4AB2-8DAF-9B632625E95F.png?v=1777552498,Geisha,,Dry Ferment Natural,Unknown,Both,Panama,No,https://datelesscoffee.com/products/filter-panama-altieri-dilgo-25
293,Dateless Coffee,Bambito Estate Washed Caturra Catuai,,"Jasmine, White peach, Lemon candy, Rose apple, Cascara","Floral, Fruity, Spices",RM 110,https://cdn.shopify.com/s/files/1/0935/4988/7771/files/1D125C01-F70B-4AD2-8F80-E7D7EB1AC5CC.png?v=1777552498,"Caturra, Catuai",,Washed,Unknown,Both,Panama,No,https://datelesscoffee.com/products/filter-panama-bambito
294,Dateless Coffee,CGLE “Buenos Aires” Washed Geisha,,"Jasmine, Mandarin, Orange Blossom, Fuji Apple","Floral, Fruity",RM 180,https://cdn.shopify.com/s/files/1/0935/4988/7771/files/654D7E8F-7896-4330-A0FD-FEDB751D313D.png?v=1777552498,Geisha,,Washed,Unknown,Both,Colombia,No,https://datelesscoffee.com/products/cgle-buenos-aires
295,Dateless Coffee,Don Eli Mucilage Ferment Catuai,,"Apricot, Blood Orange, Persimmon, Green Apple","Fruity, Sour/Fermented",RM 100,https://cdn.shopify.com/s/files/1/0935/4988/7771/files/FCE211BB-A625-4B03-AB7F-4184CA57B45B.png?v=1777552498,catuai,,Mucilage Ferment,Unknown,Both,Costa Rica,No,https://datelesscoffee.com/products/filter-costa-rica-don-eli
296,Dateless Coffee,Magma Red 1680 Natural Geisha,,"Apricot, Honeydew, Sunkist orange, Vanilla cream, White floral","Fruity, Sweet, Floral",RM 190,https://cdn.shopify.com/s/files/1/0935/4988/7771/files/2A0CB5F8-1DE3-48E1-AF73-8B490A9CCC81.png?v=1777552498,Geisha,,Natural,Unknown,Both,Panama,No,https://datelesscoffee.com/products/janson-alpes-762-washed-geisha-copy
297,Dateless Coffee,V&G San Juanillo JH Experimental H17,,"Cherry, Clementine, Peach Tea, Camellia",Fruity,RM 110,https://cdn.shopify.com/s/files/1/0935/4988/7771/files/730F57AD-FDCD-4FA6-8E15-2A18136D1110.png?v=1777552498,H17,,JH Experimental,Unknown,Both,Costa Rica,No,https://datelesscoffee.com/products/filter-costa-rica-v-g-san-juanillo
298,Cottle Coffee,Brazil Terrios Cerrado,,"Hazelnuts, Milk chocolate, Raisin, Sweet lemon, Black tea, Sugar cane",Nutty/Cocoa,RM 44,https://images.squarespace-cdn.com/content/v1/5ac6abbf3917ee592c577502/1642384453679-EMSLV4RP7LZJU93Q54TC/Single+Origin+packs+BRAZIL+TERRIOS+CERADO.png?format=2500w,,"800 - 1, 350 masl",Natural,Medium-Dark,Both,Brazil,No,https://www.cottlecoffee.com.my/coffeebeans/brazil-terrios-cerado
299,Cottle Coffee,Colombia Huila Supremo,,"Blueberries, Nougat, Overall balance & smooth.","Fruity, Sweet",RM 44,https://images.squarespace-cdn.com/content/v1/5ac6abbf3917ee592c577502/65892050-8054-4465-8d61-b91f089e251a/WhatsApp+Image+2025-06-05+at+13.45.45+%281%29.jpeg?format=2500w,Castillo,1500-1700 masl,Fully Washed,Medium,Both,Colombia,No,https://www.cottlecoffee.com.my/coffeebeans/colombia-excelso-organic-yb547
300,Cottle Coffee,Espresso Supreme,,"Chocolate, Butter flavourings, Spritzy lemon acidity, Hints of crème caramel.",Nutty/Cocoa,RM 38,https://images.squarespace-cdn.com/content/v1/5ac6abbf3917ee592c577502/1645401379774-YFOLCX2CCIK7LIZADWBC/Coffee+labels+SUP+with+new+medals+2022+copy.png?format=2500w,,,,Unknown,Espresso,"Papua New Guinea, India, Brazil, Honduras",Yes,https://www.cottlecoffee.com.my/coffeebeans/espresso-supreme
301,Cottle Coffee,Ethiopia Guji Kercha,,"Coconut candy, StarFruit, Cocoa Nibs.","Sweet, Fruity",RM 52,https://images.squarespace-cdn.com/content/v1/5ac6abbf3917ee592c577502/740670e6-32ef-4828-83fe-1873992a702d/WhatsApp+Image+2025-06-06+at+1.40.13+PM.jpeg?format=2500w,Heirloom,1900-2100 masl,Natural (with yeast-assisted controlled fermentation),Medium,Both,Ethiopia,No,https://www.cottlecoffee.com.my/coffeebeans/colombia-excelso-organic-yb547-jy4pd-lesfz
302,Cottle Coffee,Guatamala SHB Antigua,,"Floral notes, Dark plum, Toasty almond, Dark chocolate.","Floral, Fruity",RM 44,https://images.squarespace-cdn.com/content/v1/5ac6abbf3917ee592c577502/1523595116381-AXWEYLK1NXT96PRA4SE9/GUA+SHB+Antigua.png?format=2500w,,,Fully Washed,Medium-Dark,Both,Guatemala,No,https://www.cottlecoffee.com.my/coffeebeans/guatamala-shb
303,Cottle Coffee,Lazarus,,"Bright fresh orange, Stonefruit, Subtle spice.",Fruity,RM 38,https://images.squarespace-cdn.com/content/v1/5ac6abbf3917ee592c577502/1548048483173-GS18M6X3DJD5FX6WD6A6/Coffee+labels+LAZ.png?format=2500w,,,,Unknown,Espresso,"Brazil, Colombia",Yes,https://www.cottlecoffee.com.my/coffeebeans/lazarus
304,Cottle Coffee,Papua New Guinea Asaro,,"Blackcurrant, Lemon, Spice, Orange.",Fruity,RM 44,https://images.squarespace-cdn.com/content/v1/5ac6abbf3917ee592c577502/1637319411456-6GQWY7TBWHX234T2D50L/Single+Origin+packs+-+png.png?format=2500w,,"1, 600 masl",Fully washed,Unknown,Both,Papua New Guinea,No,https://www.cottlecoffee.com.my/coffeebeans/papua-new-guinea-asaro
305,Cottle Coffee,Uno,,"Hints of lemon and grapefruit acidity, Creamy malt.","Fruity, Sweet",RM 38,https://images.squarespace-cdn.com/content/v1/5ac6abbf3917ee592c577502/f4c6a7f3-db95-4d7a-a3db-39acc0a239a8/updated+Coffee+labels+UNO.png?format=2500w,,,,Unknown,Both,"India, Guatemala, Brazil",Yes,https://www.cottlecoffee.com.my/coffeebeans/uno
306,Cloud Catcher Roastery,Nicaragua Los Suyatez - Anaerobic Washed,,"Blueberry, Blackcurrant, Jammy","Fruity, Sweet",RM 78,https://cdn.shopify.com/s/files/1/1095/3682/files/Los-Suyatez-WEB-_transparent.png?v=1779785046,Parainema,1450-1700m,Anaerobic Washed,Unknown,Both,Nicaragua,No,https://shop.cloudcatcher.asia/products/nicaragua-los-suyatez-anaerobic-washed
307,Cloud Catcher Roastery,Ethiopia Masina Diamond Lot 0425 - CM Washed,,"Peach, Jasmine, White Grapes, Lemongrass, Mandarin","Fruity, Floral, Green/Vegetative",RM 90,https://cdn.shopify.com/s/files/1/1095/3682/files/Masina-Diamond-0425-WEB-_Transparent.png?v=1779786168,Heirloom,1900m,CM Washed,Unknown,Filter,Ethiopia,No,https://shop.cloudcatcher.asia/products/ethiopia-masina-diamond-lot-0425-cm-washed
308,Cloud Catcher Roastery,Peru La Margarita Geisha Roses - Washed,,"Lychee, Roses, Hibiscus, Jasmine","Fruity, Floral",RM 260,https://cdn.shopify.com/s/files/1/1095/3682/files/La-Margarita-Lot-Roses-WEB-_Transparent.png?v=1779785415,Geisha,1940m,Washed,Unknown,Filter,Peru,No,https://shop.cloudcatcher.asia/products/peru-la-margarita-roses-washed
309,Cloud Catcher Roastery,El Salvador Santa Rosa Experiment #1 - Experimental Natural,,"Dark Berries, Purple Grapes, Cherry, Tropical Fruits",Fruity,RM 120,https://cdn.shopify.com/s/files/1/1095/3682/files/WhatsAppImage2026-05-20at12.48.37.jpg?v=1779252587,Pacamara,1500m-1600m,Experimental Natural,Unknown,Filter,El Salvador,No,https://shop.cloudcatcher.asia/products/el-salvador-santa-rosa-experiment-1-experimental-natural
310,Cloud Catcher Roastery,El Salvador Plan del Hoyo Anacafe - Washed,,"Rock Melon, Honeydew, Tiramisu finish","Fruity, Sweet",RM 72,https://cdn.shopify.com/s/files/1/1095/3682/files/Plan-Del-Hoyo-Anacafe-14-WEB-_Transparent.png?v=1776155424,Anacafe 14,1760m,Washed,Unknown,Both,El Salvador,No,https://shop.cloudcatcher.asia/products/el-salvador-plan-del-hoyo-anacafe-washed
311,Cloud Catcher Roastery,Nicaragua El Paraiso Geisha - CM Natural,,"Cherry, Mulberry, Dark Currant, Lavender","Fruity, Floral",RM 170,https://cdn.shopify.com/s/files/1/1095/3682/files/El-Paraiso-Geisha-WEB-_Transparent.png?v=1776830702,Geisha,1200m-1500m,CM Natural,Unknown,Both,Nicaragua,No,https://shop.cloudcatcher.asia/products/nicaragua-el-paraiso-geisha-cm-natural
312,Cloud Catcher Roastery,Nicaragua Buenos Aires Maracaturra RFC18 - Anaerobic Washed,,"Bubblegum, Mango, Cherry Jam, Purple Grape, Tropical Fruit Punch","Fruity, Sweet",RM 120,https://cdn.shopify.com/s/files/1/1095/3682/files/Buenos-Aires-RFC-18-WEB-_Transparent.png?v=1776831854,Maracaturra Jr.,1250m-1450m,Anaerobic Washed,Unknown,Filter,Nicaragua,No,https://shop.cloudcatcher.asia/products/nicaragua-buenos-aires-maracaturra-rfc18-washed
313,Cloud Catcher Roastery,Honduras El Gravileo - Washed,,"Pink Bubblegum, Orange, Lime, Lemongrass, Lemonade, White Pear","Fruity, Green/Vegetative",RM 86,https://cdn.shopify.com/s/files/1/1095/3682/files/El-Gravileo-WEB-_Transparent.png?v=1776844711,Typica,1900m,Washed,Unknown,Filter,Honduras,No,https://shop.cloudcatcher.asia/products/honduras-el-gravileo-washed
314,Cloud Catcher Roastery,Malaysia Liberica Dark Room - Anaerobic Slow Dry,,"Rum & Raisin, Cherry, Stevia, Candied Pineapple","Fruity, Sweet, Sour/Fermented",RM 320,https://cdn.shopify.com/s/files/1/1095/3682/files/Malaysia_Liberica_Dark_Room_WEB.jpg?v=1776836479,Liberica,0-20m,Dark Room Anaerobic Slow Dry,Unknown,Filter,Malaysia,No,https://shop.cloudcatcher.asia/products/malaysia-liberica-dark-room-anaerobic-slow-dry
315,Cloud Catcher Roastery,El Salvador Santa Rosa P50 - Honey,,"Peach, Jasmine, Purple Grapes, Blackcurrant","Fruity, Floral",RM 120,https://cdn.shopify.com/s/files/1/1095/3682/files/Santa-Rosa-P50-WEB-_Transparent.png?v=1770695895,Pacamara,1500m-1600m,Honey,Unknown,Filter,El Salvador,No,https://shop.cloudcatcher.asia/products/el-salvador-santa-rosa-pacamara-p50-honey
316,Cloud Catcher Roastery,Honduras Finca La Cruz - Anaerobic Mosto Natural,,"Raspberry, Pinot Noir, Mulberry, Plum, Apricot, Stone Fruit, Ripe Banana",Fruity,RM 80,https://cdn.shopify.com/s/files/1/1095/3682/files/La-Cruz-_transparent.png?v=1767863271,Catuai,1650m,Anaerobic Mosto Natural,Unknown,Both,Honduras,No,https://shop.cloudcatcher.asia/products/honduras-finca-la-cruz-anaerobic-mossto-natural
317,Cloud Catcher Roastery,Honduras El Laurel - Washed,,"Jasmine, Peach, Lemongrass, White Grapes, Lavender","Fruity, Floral, Green/Vegetative",RM 95,https://cdn.shopify.com/s/files/1/1095/3682/files/El-Laurel-_transparent_925c01f0-7074-44fe-98f6-57e186edab9b.png?v=1767933260,Parainema,1400m,Washed,Unknown,Filter,Honduras,No,https://shop.cloudcatcher.asia/products/honduras-el-laurel-washed
318,Cloud Catcher Roastery,Honduras La Falda - Washed,,"Purple Grapes, Stonefruits, Lychee, Mango",Fruity,RM 75,https://cdn.shopify.com/s/files/1/1095/3682/files/La-Falda-_transparent.png?v=1767862349,Bourbon,1800m,Washed,Unknown,Both,Honduras,No,https://shop.cloudcatcher.asia/products/honduras-la-falda-washed
319,Cloud Catcher Roastery,Honduras Flor De Cafe - Washed,,"Orange, Apricot Jam, Jasmine, Black Tea Finish","Fruity, Floral, Sweet",RM 72,https://cdn.shopify.com/s/files/1/1095/3682/files/Flor-De-CAFE-WEB-_Transparent.png?v=1770696137,Typica,1750m,Washed,Unknown,Both,Honduras,No,https://shop.cloudcatcher.asia/products/honduras-flor-de-cafe-washed-1
320,Cloud Catcher Roastery,Nicaragua El Lino - Washed,,"Mandarin, Peach, Jasmine tea, Blackcurrant","Fruity, Floral",RM 68,https://cdn.shopify.com/s/files/1/1095/3682/files/El-Lino-_transparent.png?v=1767861730,Caturra,1250m-1450m,Washed,Unknown,Both,Nicaragua,No,https://shop.cloudcatcher.asia/products/nicaragua-el-lino-washed
321,Cloud Catcher Roastery,Honduras El Roble - Honey,,"Blood Orange, Brown Sugar, Grapefruit, Cherry","Fruity, Sweet",RM 73,https://cdn.shopify.com/s/files/1/1095/3682/files/El-Roble-WEB-_Transparent.png?v=1770959220,Pacas,1600m,Honey,Unknown,Both,Honduras,No,https://shop.cloudcatcher.asia/products/honduras-el-roble-honey
322,Cloud Catcher Roastery,Honduras Kukurucho - Washed,,"Lavender, Perfumey, Purple Berries, Purple Grapes, Pristine","Fruity, Floral",RM 300,https://cdn.shopify.com/s/files/1/1095/3682/files/Kukurucho-_Transparent-bg.png?v=1767945493,Geisha,1650m,Washed,Unknown,Filter,Honduras,No,https://shop.cloudcatcher.asia/products/honduras-kukurucho-washed
323,Cloud Catcher Roastery,Nicaragua El Torito - Anaerobic Natural,,"Pineapple, Strawberry Yoghurt, Vanilla, Cherry","Fruity, Sweet",RM 84,https://cdn.shopify.com/s/files/1/1095/3682/files/El-Torito-WEB-_Transparent.png?v=1770959791,Yellow Catuai,1350m,Anaerobic Natural,Unknown,Both,Nicaragua,No,https://shop.cloudcatcher.asia/products/nicaragua-el-torito-anaerobic-natural
324,Cloud Catcher Roastery,El Salvador  Finca Himalaya Supersonic - Supernatural,,"Raspberry, Cherry, Marmalade, Strawberry, Winey, Blackcurrant, Chocolate, Sweet","Fruity, Sweet, Nutty/Cocoa, Sour/Fermented",RM 88,https://cdn.shopify.com/s/files/1/1095/3682/files/Finca-Himalaya-SS-WEB-_Transparent.png?v=1770958252,Bourbon / Pacas,1500m,Supernatural,Unknown,Both,El Salvador,No,https://shop.cloudcatcher.asia/products/el-salvador-finca-himalaya-supersonic-supernatural
325,Cloud Catcher Roastery,Ethiopia Guji Siko - Natural,,"Mango, Stonefruits, Grapes, Lychee",Fruity,RM 68,https://cdn.shopify.com/s/files/1/1095/3682/files/Guji-Siko-_transparent.png?v=1767935268,Heirloom,1950m - 2300m,Natural,Unknown,Both,Ethiopia,No,https://shop.cloudcatcher.asia/products/ethiopia-guji-siko-natural
326,Cloud Catcher Roastery,Ethiopia Yirgacheffe Lalesa - Washed,,"Mango, Jasmine, Roselle, White Grapes, Lemon","Fruity, Floral",RM 67,https://cdn.shopify.com/s/files/1/1095/3682/files/Lalesa-_transparent.png?v=1767864314,Heirloom,1200m - 3200m,Washed,Unknown,Both,Ethiopia,No,https://shop.cloudcatcher.asia/products/ethiopia-yirgacheffe-lalesa-washed
327,Cloud Catcher Roastery,Nicaragua Buenos Aires Maracaturra Jr. - Washed,,"Mulberry, Vanilla, Blackberry Jam, Cranberry","Fruity, Sweet",RM 64,https://cdn.shopify.com/s/files/1/1095/3682/files/Maracaturra-junior-WEB.png?v=1764580402,Maracaturra Jr.,1250m-1450m,Washed,Unknown,Both,Nicaragua,No,https://shop.cloudcatcher.asia/products/nicaragua-buenos-aires-maracaturra-jr-washed
328,Cloud Catcher Roastery,Nicaragua Los Jilgueros - Washed,,"Jasmine, Rose Water, Citrus, Caramel","Fruity, Floral, Sweet",RM 80,https://cdn.shopify.com/s/files/1/1095/3682/files/Los-Jilgueros-WEB-_Transparent.png?v=1770959260,Java,1350m,Washed,Unknown,Both,Nicaragua,No,https://shop.cloudcatcher.asia/products/nicaragua-los-jilgueros-washed
329,Cloud Catcher Roastery,Ethiopia Yirgacheffe Amederaro Orange - Washed,,"Orange, Mango, White Florals, Nectarine","Fruity, Floral",RM 67,https://cdn.shopify.com/s/files/1/1095/3682/files/Amederaro-Orange-Web.png?v=1764646569,Heirloom,1800 – 2100 m,Washed,Unknown,Both,Ethiopia,No,https://shop.cloudcatcher.asia/products/ethiopia-yirgacheffe-amederaro-orange-washed
330,Cloud Catcher Roastery,Honduras La Salvaje Geisha │ COE #1 - Washed,,"Peach, Jasmine, Stonefruits, Mango, Vanilla","Fruity, Floral, Sweet",RM 240,https://cdn.shopify.com/s/files/1/1095/3682/files/La-Salvaje-web-COE.png?v=1764651059,Geisha,1750m,Washed,Unknown,Filter,Honduras,No,https://shop.cloudcatcher.asia/products/honduras-las-salvaje-washed
331,Cloud Catcher Roastery,Nicaragua La Estrella - Anaerobic Natural,,"Dark Cherry, Stewed Red Apple, Marzipan, Apricot Jam","Fruity, Sweet",RM 76,https://cdn.shopify.com/s/files/1/1095/3682/files/La-Estrella-Web.png?v=1764645960,Catuai,1200-1350m,Anaerobic Natural,Unknown,Both,Nicaragua,No,https://shop.cloudcatcher.asia/products/nicaragua-la-estrella-anaerobic-natural
332,Cloud Catcher Roastery,Ethiopia Aricha Webanchi - Washed,,"Rose, Water Apple, Peach","Fruity, Floral",RM 67,https://cdn.shopify.com/s/files/1/1095/3682/files/Aricha-Webanchi-WEB.png?v=1761623674,Heirloom,1950m,Washed,Unknown,Both,Ethiopia,No,https://shop.cloudcatcher.asia/products/ethiopia-aricha-webanchi-washed
333,Cloud Catcher Roastery,Ethiopia Shakisso Tero - Washed,,"White Grapes, White Peach, Sweet Berries","Fruity, Sweet",RM 67,https://cdn.shopify.com/s/files/1/1095/3682/files/Shakisso-Tero-WEB.png?v=1761622995,Heirloom,1950 - 2300m,Washed,Unknown,Both,Ethiopia,No,https://shop.cloudcatcher.asia/products/ethiopia-shakiso-tero-washed
334,Cloud Catcher Roastery,Ethiopia Beyou Gersay - Natural,,"Jasmine, Lavender, Peach, Fig","Fruity, Floral",RM 68,https://cdn.shopify.com/s/files/1/1095/3682/files/Beyou-Gersay-WEB.png?v=1761623951,Heirloom,1650m,Natural,Unknown,Both,Ethiopia,No,https://shop.cloudcatcher.asia/products/ethiopia-beyou-gersay-natural
335,Cloud Catcher Roastery,Ethiopia Guji Haro Masako - Natural,,"Purple Grapes, Peach, Mango, Dark Chocolate","Fruity, Nutty/Cocoa",RM 72,https://cdn.shopify.com/s/files/1/1095/3682/files/Haro_Masako_WEB.png?v=1761622682,Heirloom,1950 - 2300m,Natural,Unknown,Both,Ethiopia,No,https://shop.cloudcatcher.asia/products/ethiopia-guji-haro-masako-natural
336,Cloud Catcher Roastery,Kenya Maguta Estate Diamond Lot HP4,,"Pink Champagne, Jasmine, Mandarin, White Grape","Fruity, Floral",RM 100,https://cdn.shopify.com/s/files/1/1095/3682/files/HP4-2025.png?v=1756182014,SL28/ SL34,1650-1800m,Washed Carbonic Maceration,Unknown,Filter,Kenya,No,https://shop.cloudcatcher.asia/products/kenya-maguta-estate-diamond-lot-hp4
337,Cloud Catcher Roastery,Kenya Maguta Estate Nitrogen Jasper L2,,"Strawberry, Custard, Rose, Cherry, Jelly-like","Fruity, Floral",RM 120,https://cdn.shopify.com/s/files/1/1095/3682/files/Jasper-L2-2025.png?v=1756182107,SL28/ SL34,1650-1800m,Nitrogen Flushed Natural,Unknown,Filter,Kenya,No,https://shop.cloudcatcher.asia/products/kenya-maguta-estate-nitrogen-jasper-l2
338,Cloud Catcher Roastery,Peru La Margarita Geisha Lot M3 - Washed,,"Jasmine, Orange, Pear","Fruity, Floral",RM 160,https://cdn.shopify.com/s/files/1/1095/3682/files/La-Margarita-_Lot-M3.png?v=1754369416,Geisha,1940m,Washed,Unknown,Filter,Peru,No,https://shop.cloudcatcher.asia/products/peru-la-magarita-geisha-lot-m3-washed
339,Cloud Catcher Roastery,Peru La Margarita Geisha Lot 2J - Anaerobic Washed,,"Coffee blossom, Rose, Red Apple, Pear","Fruity, Floral",RM 160,https://cdn.shopify.com/s/files/1/1095/3682/files/La-Margarita-_Lot-2J.png?v=1754362865,Geisha,1940m,Anaerobic Washed,Unknown,Filter,Peru,No,https://shop.cloudcatcher.asia/products/peru-la-magarita-geisha-lot-2j-washed
340,Cloud Catcher Roastery,Kenya Maguta Estate Waridi - Supernatural,,"Red Cherry, Dried Mango, Prune, Red Apple, Cranberry",Fruity,RM 89,https://cdn.shopify.com/s/files/1/1095/3682/files/Waridi-2025.png?v=1753172698,SL28/ SL34,1800m,Supernatural,Unknown,Both,Kenya,No,https://shop.cloudcatcher.asia/products/kenya-maguta-estate-waridi
341,Cloud Catcher Roastery,Brazil Fazenda Lagoinha - Anaerobic Natural,,"Purple Grape, Blueberry, Starfruit, Dark Berries",Fruity,RM 72,https://cdn.shopify.com/s/files/1/1095/3682/files/Fazenda-Lagoinha.png?v=1751962988,Mundo Novo,1000 - 1100m,Anaerobic Natural,Unknown,Both,Brazil,No,https://shop.cloudcatcher.asia/products/brazil-fazenda-lagoinha-anaerobic-natural
342,Cloud Catcher Roastery,Colombia Community Norte Huila Tatacoa - Washed,,"Black Tea, Floral, Green Apple","Fruity, Floral",RM 64,https://cdn.shopify.com/s/files/1/1095/3682/files/CommunityNorteWEB.png?v=1758531685,Castillo/Caturra/Colombia,1900m - 2000m,Washed,Unknown,Filter,Colombia,No,https://shop.cloudcatcher.asia/products/colombia-colombia-community-norte-huila-tatacoa-washed
343,Cloud Catcher Roastery,Colombia Yacuanquer Microblend - Washed,,"Blueberry, Purple Grapes, Blackcurrant, Peach, White Florals, Creamy","Fruity, Floral",RM 70,https://cdn.shopify.com/s/files/1/1095/3682/files/YacuanquerMicroblendWEB_3fa52876-d350-47c8-9246-0e7540c2fa38.png?v=1758533066,Caturra & Castillo,1900m - 2000m,Washed,Unknown,Both,Colombia,Yes,https://shop.cloudcatcher.asia/products/colombia-yacuanquer-microblend
344,Cloud Catcher Roastery,Colombia La Negrita - Nitrogen-Flushed Anaerobic Natural,,"Raspberry Jam, Ribena, Blackcurrant, Purple Grapes","Fruity, Sweet",RM 460,https://cdn.shopify.com/s/files/1/1095/3682/files/La-Negrita-Pluma-Hidalgo_8816e89f-fec5-40f9-b077-8cc2b97b53f4.png?v=1749521235,Pluma Hidalgo,2100m,Nitrogen-Flushed Anaerobic Natural,Unknown,Filter,Colombia,No,https://shop.cloudcatcher.asia/products/colombia-la-negrita-nitrogen-flushed-anaerobic-natural
345,Cloud Catcher Roastery,Peru Javier Salas Pena Geisha - Anaerobic Washed,,"Rose, Hibiscus, Coffee Blossom, Citrus","Fruity, Floral",RM 230,https://cdn.shopify.com/s/files/1/1095/3682/files/Javier-Salas-Pena_efea78d7-ac5e-43f2-8315-0f7028110638.png?v=1748223510,Geisha,1900m,Anaerobic Washed,Unknown,Filter,Peru,No,https://shop.cloudcatcher.asia/products/javier-salas-pena-washed
346,Cloud Catcher Roastery,Peru La Margarita Geisha Lot 003 - Washed,,"Jasmine, White Peach, Tangerine, White Grape","Fruity, Floral",RM 160,https://cdn.shopify.com/s/files/1/1095/3682/files/La-Margarita-Lot-003.png?v=1749785707,Geisha,1940m,Washed,Unknown,Filter,Peru,No,https://shop.cloudcatcher.asia/products/peru-la-magarita-geisha-lot-003-washed
347,Cloud Catcher Roastery,El Salvador Cruz Gorda,,"Red Apple, Chocolate, Malt, Citrus","Fruity, Nutty/Cocoa",RM 51,https://cdn.shopify.com/s/files/1/1095/3682/files/Cruz-Gorda-2025_6463c02d-68ac-47e2-a31e-885f0b534784.png?v=1745206653,Bourbon / Pacas,1500m,Semi Washed,Unknown,Both,El Salvador,No,https://shop.cloudcatcher.asia/products/el-salvador-cruz-gorda-1
348,Cloud Catcher Roastery,Honduras Finca Gosen - H-27 Anaerobic Natural,,"Cherry, Blackcurrant, Tropical fruits, Banana",Fruity,RM 70,https://cdn.shopify.com/s/files/1/1095/3682/files/Finca-Gosen-2025.png?v=1745205964,H-27,1500 m,Anaerobic Natural,Unknown,Both,Honduras,No,https://shop.cloudcatcher.asia/products/honduras-finca-gosen
349,Cloud Catcher Roastery,Brazil Ama Geisha Lilac - CM Natural,,"Tart Cherry, Hibiscus, Rose, Chocolate","Fruity, Floral, Nutty/Cocoa",RM 115,https://cdn.shopify.com/s/files/1/1095/3682/files/Lilac-2025.png?v=1743673530,Geisha,1300m,CM Natural,Unknown,Filter,Brazil,No,https://shop.cloudcatcher.asia/products/brazil-ama-geisha-lilac-cm-natural
350,Cloud Catcher Roastery,Brazil Ama Geisha Blush - CM Washed,,"White Peach, Mandarin",Fruity,RM 100,https://cdn.shopify.com/s/files/1/1095/3682/files/Blush-2025.png?v=1743675644,Geisha,1300m,CM Washed,Unknown,Filter,Brazil,No,https://shop.cloudcatcher.asia/products/brazil-ama-geisha-blush-cm-washed
351,Cloud Catcher Roastery,Brazil Ama Geisha Akoya - CM Washed,,"Chamomile, Nectarine, Honey",Sweet,RM 100,https://cdn.shopify.com/s/files/1/1095/3682/files/Akoya-2025.png?v=1743675740,Geisha,1300m,CM Washed,Unknown,Filter,Brazil,No,https://shop.cloudcatcher.asia/products/brazil-ama-geisha-akoya-cm-washed
352,Cloud Catcher Roastery,Nicaragua El Avión - Washed,,"Lychee, Rose Water, Jasmine, White Grapes","Fruity, Floral",RM 60,https://cdn.shopify.com/s/files/1/1095/3682/files/El-Avion-2025_4a3f859a-b177-4827-abda-0c653b2764ea.png?v=1754618947,Catuai / Catimor,1500m,Washed,Unknown,Both,Nicaragua,No,https://shop.cloudcatcher.asia/products/nicaragua-el-avion-washed
353,Cloud Catcher Roastery,Honduras Los Pinos - Honey,,"Floral, Orange, Apricot, Sweet, Juicy, White Grapes","Fruity, Floral, Sweet",RM 80,https://cdn.shopify.com/s/files/1/1095/3682/files/Los-Pinos-2025_98a88303-bfec-44e9-a853-1a364de0e070.png?v=1754872387,Typica,1500m - 1750m,Honey,Unknown,Filter,Honduras,No,https://shop.cloudcatcher.asia/products/honduras-los-pinos-honey
354,Cloud Catcher Roastery,Kenya Thageini Karibu - Supernatural,,"Blueberry, Cherry, Plum, Dark Chocolate, Blackforest Cake, Mango","Fruity, Nutty/Cocoa",RM 89,https://cdn.shopify.com/s/files/1/1095/3682/files/Thageini-Karibu-2025.png?v=1745205461,SL28/ SL34,1650m -1800m,Supernatural,Unknown,Both,Kenya,No,https://shop.cloudcatcher.asia/products/kenya-thageini-karibu-supernatural
355,Cloud Catcher Roastery,El Salvador Los Pirineos Lot 5 - Natural,,"Red fruit, Cherry, Chocolate, Floral, Rose, Lychee, Mango","Fruity, Floral, Nutty/Cocoa",RM 101,https://cdn.shopify.com/s/files/1/1095/3682/files/Los-Pirineos-Lot5-2025.png?v=1742444067,Pacamara,1300-1600m,Natural,Unknown,Both,El Salvador,No,https://shop.cloudcatcher.asia/products/el-salvador-los-pirineos-lot-5-natural
356,Cloud Catcher Roastery,Honduras El Carrizal - Natural,,"Cherry, Wine, Jasmine, Passionfruit","Fruity, Floral, Sour/Fermented",RM 65,https://cdn.shopify.com/s/files/1/1095/3682/files/El-Carrizal-2025.png?v=1742440409,Pacas,1400m,Natural,Unknown,Both,Honduras,No,https://shop.cloudcatcher.asia/products/honduras-el-carrizal-natural-1
357,Cloud Catcher Roastery,Finca Deborah Nirvana - Nitrogen Macerated Natural,,"Cherry, Rose, Champagne, Pineapple, Mango","Fruity, Floral",RM 360,https://cdn.shopify.com/s/files/1/1095/3682/files/Nirvana.png?v=1741830842,Geisha,1950m,Nitrogen Macerated Natural,Unknown,Both,Panama,No,https://shop.cloudcatcher.asia/products/finca-deborah-nirvana-nitrogen-macerated-natural
358,Cloud Catcher Roastery,"Finca Deborah Elipse - Nitrogen Macerated Natural, Washed Finish",,"Peach, Raspberry, Jasmine, Cantaloupe","Fruity, Floral",RM 380,https://cdn.shopify.com/s/files/1/1095/3682/files/Elipse.png?v=1741830899,Geisha,1950m,Nitrogen Macerated Washed Finished,Unknown,Filter,Panama,No,https://shop.cloudcatcher.asia/products/finca-deborah-elipse-nitrogen-macerated
359,Cloud Catcher Roastery,Iris Estate Enigma - CM Natural,,"Black Cherry, Purple Grape, Winey, Black Currant, Mango, Rose Water","Fruity, Floral, Sour/Fermented",RM 398,https://cdn.shopify.com/s/files/1/1095/3682/files/Enigma.png?v=1741830988,Geisha,1850m - 2300m,CM Natural,Unknown,Filter,Panama,No,https://shop.cloudcatcher.asia/products/iris-estate-enigma-cm-natural-1
360,Cloud Catcher Roastery,Iris Estate Illumination - CM Washed,,"Jasmine, White Grape, White Peach","Fruity, Floral",RM 240,https://cdn.shopify.com/s/files/1/1095/3682/files/Illumination.png?v=1741831021,Geisha,1850m - 2300m,CM Washed,Unknown,Filter,Panama,No,https://shop.cloudcatcher.asia/products/iris-estate-illumination-cm-washed
361,Cloud Catcher Roastery,Iris Estate Afterglow - Natural,,"Coffee blossom, Honeysuckle, Peach, Lychee, Citrus","Fruity, Floral, Sweet",RM 240,https://cdn.shopify.com/s/files/1/1095/3682/files/Afterglow.png?v=1741772114,Geisha,1850m - 2300m,Natural,Unknown,Filter,Panama,No,https://shop.cloudcatcher.asia/products/iris-estate-afterglow-natural-1
362,Cloud Catcher Roastery,Peru La Margarita Geisha Lot GWT - Washed,,"jasmine, white grape, black tea, citrus","Fruity, Floral",RM 160,https://cdn.shopify.com/s/files/1/1095/3682/files/La-Magarita-GWT.png?v=1741831429,Geisha,1950m,Washed,Unknown,Filter,Peru,No,https://shop.cloudcatcher.asia/products/peru-la-magarita-lot-gwt-washed
363,Cloud Catcher Roastery,Yemen Atarah Village - Anaerobic Natural,,"orange, cloves, cinnamon, orange peels","Fruity, Spices",RM 120,https://cdn.shopify.com/s/files/1/1095/3682/files/Atarah-Village.png?v=1741831492,Typica / Bourbon,1800-2350 masl,Anaerobic Natural,Unknown,Filter,Yemen,No,https://shop.cloudcatcher.asia/products/yemen-atarah-village-anaerobic-natural-1
364,Cloud Catcher Roastery,Ethiopia Koke Indigo Lot 1124 - CM Natural,,"Tropical fruits, lavender, purple grapes, blueberry, passionfruit","Fruity, Floral",RM 110,https://cdn.shopify.com/s/files/1/1095/3682/files/Koke-Indigo-1124-2025.png?v=1741661105,Heirloom,1900-2000m,CM Natural,Unknown,Filter,Ethiopia,No,https://shop.cloudcatcher.asia/products/ethiopia-koke-indigo-lot-1124-cm-natural
365,Cloud Catcher Roastery,Nicaragua El Hormiguero - Washed,,"Rose Apple, Hibiscus, Peach, Orange","Fruity, Floral",RM 60,https://cdn.shopify.com/s/files/1/1095/3682/files/El-Homiguero-2025_bd758831-0461-4863-9f6a-85aa4d593246.png?v=1754878320,Bourbon Tekisic,1560m,Washed,Unknown,Both,Nicaragua,No,https://shop.cloudcatcher.asia/products/nicaragua-el-hormiguero-washed-copy
366,Cloud Catcher Roastery,Panama Abu Geisha Lot GW 2640 - Anaerobic Washed,,"floral, bubblegum, tangerine, orange blossom","Fruity, Floral",RM 200,https://cdn.shopify.com/s/files/1/1095/3682/files/ABU2640.png?v=1754276242,Geisha,1950 masl,Double Phased Anaerobic Washed,Unknown,Filter,Panama,No,https://shop.cloudcatcher.asia/products/panama-abu-geisha-lot-gw-2640-hybrid-washed-copy
367,Cloud Catcher Roastery,Panama Abu Geisha Lot GW 2560 - Hybrid Washed,,"jasmine, coffee blossom, lemongrass, mango","Fruity, Floral, Green/Vegetative",RM 200,https://cdn.shopify.com/s/files/1/1095/3682/files/ABU2560.png?v=1754276659,Geisha,1950 masl,Hybrid Washed-Honey Mosto,Unknown,Filter,Panama,No,https://shop.cloudcatcher.asia/products/panama-abu-geisha-lot-gw-2560-hybrid-washed
368,Cloud Catcher Roastery,Dawn,,"Mixed Berries, Hibiscus, Plum, Candy","Fruity, Floral, Sweet",RM 50,https://cdn.shopify.com/s/files/1/1095/3682/files/Dawn-Temporary.png?v=1741917233,Blend,Unknown,Unknown,Unknown,Both,Ethiopia,Yes,https://shop.cloudcatcher.asia/products/dawn-seasonal-espresso-blend
369,Cloud Catcher Roastery,Rubix,,"Mixed Nuts, Butterscotch, Caramel, Milk Chocolate","Sweet, Nutty/Cocoa",RM 40,https://cdn.shopify.com/s/files/1/1095/3682/files/Rubix-Temporary.png?v=1741917081,Blend,Unknown,Unknown,Unknown,Both,,Yes,https://shop.cloudcatcher.asia/products/rubix-blend
370,Cloud Catcher Roastery,"Panama Iris Estate Horizon - Yeast-Innoculated Natural, Washed finish",,"Jasmine, Orange Blossom, Strawberry","Fruity, Floral",RM 280,https://cdn.shopify.com/s/files/1/1095/3682/files/Iris-Horizon-WEB-_Transparent.png?v=1770693689,Geisha,1900-2300 masl,Natural Yeast - Washed Finish,Unknown,Both,Panama,No,https://shop.cloudcatcher.asia/products/iris-estate-horizon-yeast-innoculated-natural-washed-finish
371,Cloud Catcher Roastery,Iris Estate Aril - CM Washed,,"Jasmine, white peach, mandarin, hibiscus, strawberry","Fruity, Floral",RM 280,https://cdn.shopify.com/s/files/1/1095/3682/files/Aril.png?v=1776222572,Geisha,1900-2300 masl,CM Washed,Unknown,Filter,Panama,No,https://shop.cloudcatcher.asia/products/iris-estate-aril-washed
372,Cloud Catcher Roastery,"Iris Estate Echo - Washed, Cascara Infused",,"Raspberry, Apricot, Strawberry, Peach, Orange Blossom","Fruity, Floral",RM 220,https://cdn.shopify.com/s/files/1/1095/3682/files/Echo-WEB-_Transparent.png?v=1777260758,Geisha,2300 masl,Washed Cascara Infused,Unknown,Filter,Panama,No,https://shop.cloudcatcher.asia/products/iris-estate-echo-washed-cascara-infused
373,Cloud Catcher Roastery,Iris Estate Symbiosis - Extended Natural Anaerobic,,"Mango, Concord Grape, Cherry, Orange",Fruity,RM 240,https://cdn.shopify.com/s/files/1/1095/3682/files/Symbiosis-WEB-_Transparent.png?v=1777273513,Geisha,2300 masl,Extended Natural Anaerobic,Unknown,Filter,Panama,No,https://shop.cloudcatcher.asia/products/iris-estate-symbiosis-extended-natural-anaerobic
374,Cloud Catcher Roastery,Iris Estate Symmetry  - CM Natural,,"raspberry, tropical fruit, hibiscus, blackcurrant","Fruity, Floral",RM 240,https://cdn.shopify.com/s/files/1/1095/3682/files/Symmetry-WEB-_Transparent.png?v=1777273679,Geisha,2300 masl,CM Natural,Unknown,Filter,Panama,No,https://shop.cloudcatcher.asia/products/iris-estate-symmetry-cm-natural
375,Cloud Catcher Roastery,Iris Estate Odyssey  - Nitrogen Controlled Fermentation Natural,,"blueberries, peach, toffee, rosewater","Fruity, Floral, Sweet",RM 260,https://cdn.shopify.com/s/files/1/1095/3682/files/OdysseyWEB_Transparent.jpg?v=1777277985,Geisha,2300 masl,Nitrogen Controlled Fermentation Natural,Unknown,Filter,Panama,No,https://shop.cloudcatcher.asia/products/iris-estate-odyssey-nitrogen-controlled-fermentation-natural
376,Cloud Catcher Roastery,"Iris Estate Vivid  - CM Natural, Washed Finish",,"jasmine, yellow peach, apricot, orange, honey","Fruity, Floral, Sweet",RM 240,https://cdn.shopify.com/s/files/1/1095/3682/files/Vivid-WEB-_Transparent.png?v=1777278194,Geisha,2300 masl,CM Natural-Washed Finish,Unknown,Filter,Panama,No,https://shop.cloudcatcher.asia/products/iris-estate-vivid-cm-natural-washed-finish-1
377,Cloud Catcher Roastery,Iris Estate Terroir - Washed,,"jasmine, white grape, peach, citrus","Fruity, Floral",RM 210,https://cdn.shopify.com/s/files/1/1095/3682/files/Terroir-WEB-_Transparent.png?v=1777278166,Geisha,2300 masl,Washed,Unknown,Filter,Panama,No,https://shop.cloudcatcher.asia/products/iris-estate-echo-terroir
378,Nine Lives Coffee Roaster,NLCR 111 BLEND,,"Floral, citrus, ripened berries, earl grey tea","Floral, Fruity",RM 40,https://down-my.img.susercontent.com/file/my-11134207-7rasi-m9zg37ledfjm69.webp,Heirloom,1850 - 2000 masl,"Natural,Washed",Medium,Both,Ethiopia,Yes,https://shopee.com.my/NLCR-111-BLEND-Medium-Roast-Arabica-Coffee-Bean-Kopi-Biji-%E5%92%96%E5%95%A1%E8%B1%86-(250g-1kg-)-i.1516164240.43951451354?extraParams=%7B%22display_model_id%22%3A243435439256%7D
379,Nine Lives Coffee Roaster,Costa Rica Rivense Chirripo Black Honey Geisha,,"hibiscus, red apple, honey",Floral,RM 107,https://cdn.shopify.com/s/files/1/0814/4027/6715/files/NLCR_Shopee_Equador_Kenya_Workfile-06.png?v=1776919344,Geisha,"1700 masl tasting notes : hibiscus, red apple, honey about the coffee : Geisha from Café Rivense, a family-run farm and micromill in the Chirripó micro-region at 1,700 MASL. The black honey process — where most of the fruit mucilage is left on during drying — pushes the sweetness forward without muddying the varietal clarity. What you get is hibiscus and red apple up front, a clean honey sweetness through the mid, and a finish that lingers longer than you'd expect. Delicate but not shy",Black Honey,Unknown,Filter,Costa Rica,No,https://ninelivescoffee.co/products/costa-rica-chirripo
380,Nine Lives Coffee Roaster,El Salvador Los Pirineos Orange Pacamara Washed,,"orange blossom, grapes, apricot",Floral,RM 93,https://cdn.shopify.com/s/files/1/0814/4027/6715/files/NLCR_Shopee_Equador_Kenya_Workfile-05.png?v=1776919135,Orange Pacamara,"1600 masl tasting notes : orange blossom, grapes, apricot about the coffee : Orange Pacamara is a large-bean mutation of Pacamara selected for its fruit-forward character, and Los Pirineos on the Tecapa volcano in Usulután is one of the farms that does it best. This lot delivers orange blossom and apricot upfront, with a grape-like sweetness that lingers. The washed process keeps it clean and precise. Light-roasted for filter. Floral, fruit-driven, and structured",Washed,Light,Filter,El Salvador,No,https://ninelivescoffee.co/products/el-salvador-los-pirineos
381,Nine Lives Coffee Roaster,Ethiopia Abdo Abamecha G1 Badeyi Lot 11,,"white floral, stone fruit, black tea",Floral,RM 48,https://cdn.shopify.com/s/files/1/0814/4027/6715/files/NLCR_Shopee_Equador_Kenya_Workfile-02.png?v=1776918314,"74110, 74112","2200 masl tasting notes : white floral, stone fruit, black tea about the coffee : Abdo Abamecha farms roughly 30 hectares in Badeyi, Limu Jimma at up to 2200 MASL — one of the higher plots in the region. The JARC varietals 74110 and 74112 grown here are known for clean floral expression, and this washed G1 lot delivers on that: white florals, stone fruit, and a dry black tea finish. Structured and precise without being austere. A straightforward filter coffee that doesn't ask much of you",Washed,Unknown,Both,Ethiopia,No,https://ninelivescoffee.co/products/ethiopia-abdo-abamecha-g1-badeyi-lot-11-filter
382,Nine Lives Coffee Roaster,Honduras Finca Gosen H-27 Anaerobic Natural,,"tropical fruits, cherry, raisin",Fruity,RM 87,https://cdn.shopify.com/s/files/1/0814/4027/6715/files/NLCR_Shopee_Equador_Kenya_Workfile-04.png?v=1776918870,H-27,"1500 masl tasting notes : tropical fruits, cherry, raisin about the coffee : Mariano Nolasco farms Finca Gosen at 1500 MASL in La Pilas, a mountain community in Honduras where his family has worked the land for two generations. The H-27 varietal processed anaerobically — whole cherries fermented without oxygen — pushes the fruit forward in a way a standard natural won't. Expect tropical fruits, cherry, and raisin with real depth. Big, expressive, and built for filter",Anaerobic Natural,Unknown,Filter,Honduras,No,https://ninelivescoffee.co/products/honduras-finca-gosen
383,Nine Lives Coffee Roaster,Kenya Thageini Lot 0424 CM Washed Diamond,,"roselle, blackcurrant, sugarcane",Floral,RM 107,https://cdn.shopify.com/s/files/1/0814/4027/6715/files/NLCR_Shopee_Equador_Kenya_Workfile-03.png?v=1776918625,SL28/34,"1750 masl tasting notes : roselle, blackcurrant, sugarcane about the coffee : Thageini wet mill sits within the Aguthi Farmers Cooperative in Nyeri, where around 450 smallholder members deliver cherry for collective processing. The CM washed method extends fermentation under controlled conditions, which pushes clarity and acidity without stripping body. SL28 and SL34 grown at this altitude tend toward bold fruit and firm structure, and that holds here. Expect roselle and blackcurrant upfront with a sugarcane sweetness that lingers and smooths the finish. Precise, expressive, and consistent across the cup",CM Washed,Unknown,Filter,Kenya,No,https://ninelivescoffee.co/products/kenya-thageini
384,Nine Lives Coffee Roaster,Peru Felipe Marin Mirez Geisha Natural La Palma,,"mango, hawthorn, milk chocolate",Fruity,RM 60,https://cdn.shopify.com/s/files/1/0814/4027/6715/files/NLCR_Shopee_Equador_Kenya_Workfile-01.png?v=1776917063,Geisha,"1900 masl tasting notes : mango, hawthorn, milk chocolate about the coffee : Geisha from Peru are still rare, and Felipe Marin's lot from La Palma, Jaén earns the attention. At 1900 MASL, the Marin family farms alongside their father Silvestre, selecting cherries at peak ripeness and processing naturally at altitude. The result is precise and expressive: mango and hawthorn up front, with milk chocolate grounding the finish. It's a Geisha that doesn't overreach. Clean, sweet, and quietly confident",Natural,Unknown,Both,Peru,No,https://ninelivescoffee.co/products/peru-felipe-marin-mirez-geisha-natural-la-palma
385,Nine Lives Coffee Roaster,NLCR UNDERDOG BLEND,,"Molasses(similar to dark caramel), ripened berry, hint of floral",Sweet,RM 40,https://down-my.img.susercontent.com/file/my-11134207-7rasg-m9y9yvbfper694.webp,"Caturra,Heirloom",mixed,"Natural,Washed",Medium,Both,"Nicaragua, Ethiopia",Yes,https://shopee.com.my/NLCR-UNDERDOG-BLEND-Medium-Roast-Arabica-Coffee-Bean-Kopi-Biji-%E5%92%96%E5%95%A1%E8%B1%86-(250g-1kg-)-i.1516164240.41801429306?extraParams=%7B%22display_model_id%22%3A285115956339%7D
422,Liten Coffee,Blackforest Espresso Blend,,"Dark Chocolate, Dark Cherry, Dried Fruits.",Nutty/Cocoa,RM 36,https://litencoffee.com/cdn/shop/files/Website_Product_Thumbnail_7_fec51ccf-cccd-4993-a4f0-0f122a5b85d7.png?v=1761722111&width=1800,Mix,1500 masl,"Natural,Semi Washed",Medium-Dark,Both,"Brazil, Indonesia",Yes,https://shopee.com.my/LITEN-COFFEE-Black-Forest-Espresso-Blend-Medium-to-dark-roast-i.382428372.18950503475?extraParams=%7B%22display_model_id%22%3A214588752237%2C%22model_selection_logic%22%3A2%7D
423,Liten Coffee,Brazil Cerrado,,"Nutty, Sugarcane.","Nutty/Cocoa, Sweet",RM 37,https://litencoffee.com/cdn/shop/files/Website_Product_Thumbnail_1.png?v=1761722145&width=1800,Mix,900 masl,Natural,Medium,Both,Brazil,No,https://shopee.com.my/LITEN-COFFEE-(WHOLESALE)-Brazil-Cerrado-Mount-Salitre-Single-Origin-Espresso-Medium-Roast-i.382428372.28282468045?extraParams=%7B%22display_model_id%22%3A139333787914%2C%22model_selection_logic%22%3A3%7D
424,Liten Coffee,The Liten Blend,,"Roasted almond, Dried fruit, Caramel, Molasses.","Nutty/Cocoa, Roasted",RM 36,https://litencoffee.com/cdn/shop/files/Website_Product_Thumbnail.png?v=1761551275&width=1800,Mix,1300 masl,"Natural,Semi Washed",Medium-Dark,Both,"Brazil, Guatemala, Indonesia",Yes,https://shopee.com.my/LITEN-COFFEE-The-Liten-Espresso-Blend-Medium-roast-coffee-Brazil-Guatemala-Indonesia-i.382428372.6878990068?extraParams=%7B%22display_model_id%22%3A295992367504%2C%22model_selection_logic%22%3A2%7D
425,Liten Coffee,Froch 50 Espresso Blend,,"Mixed Berries, Milk Chocolate, Fruity.","Fruity, Nutty/Cocoa",RM 39,https://litencoffee.com/cdn/shop/files/Website_Product_Thumbnail_5.png?v=1761722128&width=1800,Mix,1900 masl,"Natural,Washed",Medium,Both,"Ethiopia, Guatemala",Yes,https://shopee.com.my/LITEN-COFFEE-FROCH-50-Espresso-Blend.-Guatemala-Ethiopia-Guji-Blend-Medium-Roast-i.382428372.15299096487?extraParams=%7B%22display_model_id%22%3A98773613533%2C%22model_selection_logic%22%3A2%7D
426,MJU Official,Berry Yammy,,"Bold, Bright Acidity Flavors, Notes of Fruit, Wine, and Floral Undertones , Hints of Berries",Floral,RM 33,"https://static.wixstatic.com/media/43ac7f_0d46d685b16f4fa6adb0503154420457~mv2.jpg/v1/fit/w_500,h_500,q_90/file.jpg",,1600-2000m Kenya Arabica Coffee Bean Aroma: 4.6/5 Acidity: 4.7/5 (Bright and Crisp Acidity) Body: 4.2/5 Flavour: 4.8/5 Balance: 4.5/5 AfterTaste: 4.6/5 Coffee Health Benefits - Boosts energy levels & skin health. - Could increase longevity. - Improve heart health. - Lower cancer risk. - Lowers the risk of Alzheimer’s disease & Parkinson's disease. - Reduce risk of depression. - Reduces the risk of liver disease. - Reduces body fat and promotes a healthy weight. ✅ Wholesale Pricing (For wholesale bulk pricing please contact us.) Contact us: +6011-5555 9123,Washed Growing,Medium Light,Both,Kenya,No,https://www.mjuofficial.com/product-page/berry-yammy-single-origin-kenya-arabica-coffee-bean-light-medium
427,MJU Official,Bittersweet,,"Dark Chocolate, Spice, Citrus notes.",Nutty/Cocoa,RM 26,"https://static.wixstatic.com/media/43ac7f_ee7cf007c4144194a59c94f8152dd1ac~mv2.jpg/v1/fill/w_1000, h_1000, al_c, q_85, enc_avif, quality_auto/43ac7f_ee7cf007c4144194a59c94f8152dd1ac~mv2.jpg",,1100-1300 masl,Giling Basah,Medium-Dark,Both,Indonesia,No,https://www.mjuofficial.com/product-page/mju-bittersweet-single-origin-sumatra-arabica-coffee-bean-medium-dark
428,MJU Official,Blooming Brew,,"Jasmine, Berries, Floral.",Floral,RM 34,"https://static.wixstatic.com/media/43ac7f_389bd310f57b4adbbb618792157c7fc6~mv2.jpg/v1/fill/w_1000, h_1000, al_c, q_85, enc_avif, quality_auto/43ac7f_389bd310f57b4adbbb618792157c7fc6~mv2.jpg",,1800-2200 masl,Washed,Medium-Dark,Both,Ethiopia,No,https://www.mjuofficial.com/product-page/mju-blooming-brew-single-origin-ethiopia-arabica-coffee-bean
429,MJU Official,Butterscotch,,"Caramel, Chocolaty roast taste",Sweet,RM 23,"https://static.wixstatic.com/media/43ac7f_1570b3954ea84484a5236f2937565e88~mv2.jpg/v1/fit/w_500,h_500,q_90/file.jpg",,1400 and above (Arabica Coffee Bean) Brazil Arabica Coffee Bean Aroma : 4.5/5 Acidity : 2/5 Low Acidity Body : 5/5 Flavour : 4.5/5 Balance : 5/5 (for black coffee) AfterTaste : 4/5 Coffee Health Benefits - Boosts energy levels & skin health. - Could increase longevity. - Improve heart health. - Lower cancer risk. - Lowers the risk of Alzheimer’s disease & Parkinson's disease. - Reduce risk of depression. - Reduces the risk of liver disease. - Reduces body fat and promotes a healthy weight. ✅ Wholesale Pricing (For wholesale bulk pricing please contact us.) Contact us: +6011-5555 9123 (WhatsApp) Email us: info.mjuofficial@gmail.com,Fully Washed Growing,Medium-Dark,Both,Brazil,No,https://www.mjuofficial.com/product-page/mju-butterscotch-single-origin-brazil-arabica-coffee-bean-medium-dark-bi
430,MJU Official,CHOCONUT,,"Sweet, Caramel.",Sweet,RM 28,"https://static.wixstatic.com/media/43ac7f_e005ae0e67fd4ef89bcdd782d7cec9c7~mv2.jpg/v1/fill/w_1000, h_1000, al_c, q_85, enc_avif, quality_auto/43ac7f_e005ae0e67fd4ef89bcdd782d7cec9c7~mv2.jpg",,1300-1500 masl,Washed,Medium,Both,Colombia,No,https://www.mjuofficial.com/product-page/mellowney-single-origin-el-salvador-arabica-coffee-bean-medium-roast
431,MJU Official,Cocoloveberry,,"Rich Chocolate, Nutty, Berry, Citrus.",Nutty/Cocoa,RM 45,"https://static.wixstatic.com/media/43ac7f_3ba8ecc35b3741e091545494137bfec2~mv2.jpg/v1/fill/w_1000, h_1000, al_c, q_85, enc_avif, quality_auto/43ac7f_3ba8ecc35b3741e091545494137bfec2~mv2.jpg",,1400-2200 masl,Fully Washed,Medium-Dark,Both,"Brazil, Ethiopia",Yes,https://www.mjuofficial.com/product-page/cocoloveberry-blend-brazil-x-ethiopia-arabica-coffee-bean-medium-dark
432,MJU Official,MELLOWNEY,,"Hint of Honey-like Sweetness, Chocolate, Nuts, Caramel.","Sweet, Nutty/Cocoa",RM 29,"https://static.wixstatic.com/media/43ac7f_411d5f8101d1468d95815cf72d5558a9~mv2.jpg/v1/fill/w_1000, h_1000, al_c, q_85, enc_avif, quality_auto/43ac7f_411d5f8101d1468d95815cf72d5558a9~mv2.jpg",,1400-1700 masl,Full Washed,Medium-Dark,Both,El Salvador,No,https://www.mjuofficial.com/product-page/mju-choconut-single-origin-colombia-arabica-coffee-bean-medium-dark
433,MJU Official,MR.COCO Blend,,"Dominant Dark Chocolate, Deep Cocoa Intensity, Intense Bittersweet Aftertaste",Nutty/Cocoa,RM 23,"https://static.wixstatic.com/media/43ac7f_021ee77f30184e2187359e7a4784a2b2~mv2.jpg/v1/fit/w_500,h_500,q_90/file.jpg",,1100–1400m Sumatra mix Brazil Arabica Coffee Bean Aroma : 4.3/5 Acidity : 2.8/5 Body : 5.0/5 Flavour : 4.8/5 Balance : 4.6/5 AfterTaste : 4.7/5 Coffee Health Benefits - Boosts energy levels & skin health. - Could increase longevity. - Improve heart health. - Lower cancer risk. - Lowers the risk of Alzheimer’s disease & Parkinson's disease. - Reduce risk of depression. - Reduces the risk of liver disease. - Reduces body fat and promotes a healthy weight. ✅ Wholesale Pricing (For wholesale bulk pricing please contact us.) Contact us: +6011-5555 9123,,Medium-Dark,Espresso,"Indonesia, Brazil",Yes,https://www.mjuofficial.com/product-page/mr-coco-blend-sumatra-x-brazil-arabica-coffee-bean-medium-dark
434,MJU Official,NUTTYNUDDYY,,"Nutty and Chocolate, Rich of body taste",Nutty/Cocoa,RM 25,"https://static.wixstatic.com/media/43ac7f_e848ec453ca64b82836b2e21914f6d5b~mv2.jpg/v1/fit/w_500,h_500,q_90/file.jpg",,1400 and above (Arabica Coffee Bean) Brazil mix Colombia Arabica Coffee Bean Aroma : 4.3/5 Acidity : 2/5 Low Acidity Body : 5/5 Flavour : 5/5 Balance : 5/5 (for white coffee) AfterTaste : 4.6/5 Coffee Health Benefits - Boosts energy levels & skin health. - Could increase longevity. - Improve heart health. - Lower cancer risk. - Lowers the risk of Alzheimer’s disease & Parkinson's disease. - Reduce risk of depression. - Reduces the risk of liver disease. - Reduces body fat and promotes a healthy weight. ✅ Wholesale Pricing (For wholesale bulk pricing please contact us.) Contact us: +6011-5555 9123 (WhatsApp) Email us: info.mjuofficial@gmail.com,Dry Wash Process Growing,Medium-Dark,Espresso,"Brazil, Colombia",Yes,https://www.mjuofficial.com/product-page/mju-nuttynuddyy-espresso-blend-brazil-x-colombia-arabica-coffee-bean
435,Ang Ang Roastery,Blueberry Tart Thailand Chiang Rai Srima,,"Blueberry, Mixed Berries, Brown Sugar, Black Forest Cake","Fruity, Sweet",RM 190,https://cdn.shopify.com/s/files/1/0609/6374/9959/files/Level4BlueberryTart.png?v=1753352090,Caturra,1400-1600 masl,Co-Fermentation Double Anaerobic Honey,Unknown,Both,Thailand,No,https://aarcoffeelibrary.com/products/blueberry-tart-thailand-chiang-rai-srima
436,Ang Ang Roastery,COCOANUT - Signature House Blend,,"Milk Chocolate, Almond, Brown Sugar","Nutty/Cocoa, Sweet",RM 33,https://cdn.shopify.com/s/files/1/0609/6374/9959/files/CocoanutRedo3.webp?v=1753182484,Bourbon,1100 masl,Natural,Unknown,Both,"Colombia, Brazil",Yes,https://aarcoffeelibrary.com/products/cocoanut-signature-house-blend-1
437,Ang Ang Roastery,PEANUT BRITTLE - Seasonal Espresso Blend,,"Black: Stonefruits, Berry; White: Peanuts Brittle, Coconut",Fruity,RM 52,https://aarcoffeelibrary.com/cdn/shop/files/productcover-03.webp?v=1753171968&width=3000,Heirloom & Typica,1500-2200 masl,"Washed,Anaerobic Natural",Unknown,Espresso,"Ethiopia, Uganda",Yes,https://aarcoffeelibrary.com/collections/signature-roasts/products/peanut-brittle-seasonal-espresso-blend
438,Ang Ang Roastery,Colombia Narino El Limo,,"Mango, Stewed Apple, Prunes, Vanilla Chocolate, Hints of Raspberry

",Fruity,RM 120,https://cdn.shopify.com/s/files/1/0609/6374/9959/files/narino-el-limo_944ebb2d-cb56-43ec-a6d5-19cdcd36404f.jpg?v=1759972398,Castillo,1800 - 1900 masl,Anaerobic Natural,Unknown,Both,Colombia,No,https://aarcoffeelibrary.com/products/colombia-narino-el-limo
439,Ang Ang Roastery,Colombia Quindio Campo Hermosa,,"Elderflower, Banana, Lemongrass, Peach, Sunkist, Honeydew, Juicy Mouthfeel","Floral, Fruity",RM 200,https://cdn.shopify.com/s/files/1/0609/6374/9959/files/productcover-34.webp?v=1753173148,Gesha,2000 masl,Anaerobic Washed,Unknown,Both,Colombia,No,https://aarcoffeelibrary.com/products/colombia-quindio-campo-hermosa
440,Ang Ang Roastery,Colombia SKN Caribecafe Supremo Sugarcane Decaf,,"Kumquat, Prunes, Sugarcane",Sweet,RM 80,https://cdn.shopify.com/s/files/1/0609/6374/9959/files/productcover-04.webp?v=1753172135,Mixed Varieties,1500 masl,Sugarcane Decaf,Unknown,Both,Colombia,No,https://aarcoffeelibrary.com/products/colombia-skn-caribecafe-supremo-sugarcane-decaf
441,Ang Ang Roastery,Costa Rica Brosa West Valley Infinity Hoja Ancha,,"Roselle, Cranberry, Pineapple, Tangerine","Fruity, Floral",RM 420,https://cdn.shopify.com/s/files/1/0609/6374/9959/files/productcover-53.webp?v=1753173206,Geisha,1600 masl,Yellow Honey,Unknown,Both,Costa Rica,No,https://aarcoffeelibrary.com/products/costa-rica-brosa-west-valley-infinity-hoja-ancha
442,Ang Ang Roastery,Costa Rica Tarazzu Don Eli Miramar,,"Canned Lychee, Passion Fruits, Candied Fruits, Raspberry, Sugarcane

","Fruity, Sweet",RM 490,https://cdn.shopify.com/s/files/1/0609/6374/9959/files/Level5CostaRicaTarazzuDonEliMiramarEXPERIMENTALWASHED.png?v=1753352233,Geisha,2000 masl,Experimental Washed,Unknown,Both,Costa Rica,No,https://aarcoffeelibrary.com/products/costa-rica-tarazzu-don-eli-miramar-1
443,Ang Ang Roastery,Costa Rica Tarazzu Don Eli Miramar,,"Red Floral, Lychee, Grapefruits, Mango, Orange Marmalade, Sticky Mouthfeel

",Fruity,RM 420,https://cdn.shopify.com/s/files/1/0609/6374/9959/files/Level5CostaRicaTarazzuDonEliMiramarWASHED.png?v=1753352286,Geisha,2000 masl,Washed,Unknown,Both,Costa Rica,No,https://aarcoffeelibrary.com/products/costa-rica-tarazzu-don-eli-miramar
444,Ang Ang Roastery,Costa Rica Tarazzu Hacienda San Isidro Labrador,,"Rose, Lychee, Peach, Mango, Bergamot, Strawberry, Juicy & Velvety Mouthfeel",Fruity,RM 550,https://cdn.shopify.com/s/files/1/0609/6374/9959/files/Level5CostaRicaTarazzuHaciendaSanIsidroLabradorNATURAL.png?v=1753352290,Geisha,1950 masl,Natural,Unknown,Both,Costa Rica,No,https://aarcoffeelibrary.com/products/costa-rica-tarazzu-hacienda-san-isidro-labrador-1
445,Ang Ang Roastery,Costa Rica Tarazzu Hacienda San Isidro Labrador,,"Yellow Floral, Rose, Complex Yellow Fruits, White Grapes, Cranberry Juice

","Floral, Fruity",RM 550,https://cdn.shopify.com/s/files/1/0609/6374/9959/files/Level5-CostaRicaTarazzuHaciendaSanIsidroLabraborREDHONEY_becarefultwosamebeans.png?v=1753352275,Geisha,1950 masl,Red Honey,Unknown,Both,Costa Rica,No,https://aarcoffeelibrary.com/products/costa-rica-tarazzu-hacienda-san-isidro-labrador
446,Ang Ang Roastery,Costa Rica Tarazzu La Loma,,"Rose Perfume, Passionfruit, Orange Juice, Berries, Violet Aftertaste

","Floral, Fruity",RM 120,https://cdn.shopify.com/s/files/1/0609/6374/9959/files/Level4CostaRicaTarazzuLaLoma.png?v=1753352104,Caturra,1900 masl,Double Anaerobic Red Honey,Unknown,Both,Costa Rica,No,https://aarcoffeelibrary.com/products/costa-rica-tarazzu-la-loma
447,Ang Ang Roastery,Costa Rica West Valley Naranjo Infinity La Mora,,"Prunes, Walnut, Red Apple, Cane Sugar, Mango","Nutty/Cocoa, Sweet",RM 120,https://cdn.shopify.com/s/files/1/0609/6374/9959/files/COVERLEVEL3-17.webp?v=1753354154,Caturra,1650 masl,JH Washed,Unknown,Both,Costa Rica,No,https://aarcoffeelibrary.com/products/costa-rica-west-valley-naranjo-infinity-la-mora-1
448,Ang Ang Roastery,Costa Rica West Valley Naranjo Infinity La Mora,,"Nectarine, Mango, Mix Berries, Raisin Chocolate","Fruity, Sweet",RM 120,https://cdn.shopify.com/s/files/1/0609/6374/9959/files/COVERLEVEL3-16.webp?v=1753354137,Caturra,1650 masl,JH Natural,Unknown,Both,Costa Rica,No,https://aarcoffeelibrary.com/products/costa-rica-west-valley-naranjo-infinity-la-mora
449,Ang Ang Roastery,Costa Rica West Valley Naranjo V&G San Juanillo,,"Floral Honey, Pear, Apricot, Vanilla","Floral, Sweet",RM 113,https://cdn.shopify.com/s/files/1/0609/6374/9959/files/productcover-11.webp?v=1753172381,H17,1500 masl,JH Washed,Unknown,Both,Costa Rica,No,https://aarcoffeelibrary.com/products/costa-rica-west-valley-naranjo-v-g-san-juanillo
450,Ang Ang Roastery,Ethiopia Sidama Bona,,"Ginger Lily, Orange, Honey, Peach Tea","Floral, Sweet",RM 120,https://cdn.shopify.com/s/files/1/0609/6374/9959/files/productcover-26.webp?v=1753172733,"74,110",2400 masl,JH Washed,Unknown,Both,Ethiopia,No,https://aarcoffeelibrary.com/products/ethiopia-sidama-bona
451,Ang Ang Roastery,Ethiopia Sidamo Arbegona Rumudamo TOH #2,,"Rose, Mango, Pineapple, Strawberry Jam, Blueberry","Floral, Fruity",RM 120,https://cdn.shopify.com/s/files/1/0609/6374/9959/files/productcover-25.webp?v=1753172729,"74,112",2000-2300 masl,SLD Natural,Unknown,Both,Ethiopia,No,https://aarcoffeelibrary.com/products/ethiopia-sidamo-arbegona-rumudamo-toh-2
452,Ang Ang Roastery,Ethiopia Sidamo Bensa G2,,"Chrysanthemum, Orange, Plum, Cocoa","Floral, Nutty/Cocoa, Fruity",RM 48,https://cdn.shopify.com/s/files/1/0609/6374/9959/files/SidamoBensa9.webp?v=1753191786,Heirloom,1700-2200 masl,Washed,Unknown,Both,Ethiopia,No,https://aarcoffeelibrary.com/products/ethiopia-sidamo-bensa-g2-1
453,Ang Ang Roastery,Ethiopia Yirgacheffe Gedeb Fresa Rosa,,"Jasmine, Violet Floral, Orange Blossoms, Fruits Candy, Passion Fruits

","Floral, Sweet",RM 120,https://cdn.shopify.com/s/files/1/0609/6374/9959/files/productcover-37.webp?v=1753173139,Heirloom,2400-2500 masl,Anaerobic Natural,Unknown,Both,Ethiopia,No,https://aarcoffeelibrary.com/products/ethiopia-yirgacheffe-gedeb-fresa-rosa
454,Ang Ang Roastery,Ethiopia Yirgacheffe Gedeb Lalesa,,"Coffee Blossoms, Pomelo, Mango, Lemon Tea",Fruity,RM 59,https://cdn.shopify.com/s/files/1/0609/6374/9959/files/COVER_10.png?v=1753248315,Heirloom,2500 masl,Customised Anaerobic Natural,Unknown,Both,Ethiopia,No,https://aarcoffeelibrary.com/products/ethiopia-yirgacheffe-gedeb-lalesa
455,Ang Ang Roastery,Ethiopia Yirgacheffe Midsummer Night Moon,,"Rose, Lavender, Citrus, Peach, Muscat Grapes, Mixed Berries Tea","Floral, Fruity",RM 62,https://cdn.shopify.com/s/files/1/0609/6374/9959/files/productcover-20.webp?v=1753172797,Heirloom,2300-2500 masl,Double Anaerobic Washed,Unknown,Both,Ethiopia,No,https://aarcoffeelibrary.com/products/ethiopia-yirgacheffe-midsummer-night-moon
456,Ang Ang Roastery,Guatemala Huehuetenango SHB,,"Red Apple, Chocolatey, Tropical Fruits, Berries Aftertaste","Fruity, Nutty/Cocoa",RM 40,https://cdn.shopify.com/s/files/1/0609/6374/9959/files/productcover-09.webp?v=1753172111,Caturra & Bourbon,1600- 1700 masl,Washed,Unknown,Both,Guatemala,No,https://aarcoffeelibrary.com/products/guatemala-huehuetenango-shb
457,Ang Ang Roastery,Honduras Paraiso El Laurel,,"Citrus, Stonefruits, Brown Sugar, Walnut, Green Tea","Fruity, Sweet",RM 62,https://cdn.shopify.com/s/files/1/0609/6374/9959/files/productcover-31.webp?v=1753172633,Parainema,1600 masl,Washed,Unknown,Both,Honduras,No,https://aarcoffeelibrary.com/products/honduras-paraiso-el-laurel
458,Ang Ang Roastery,Indonesia Sumatra Mandheling,,"Herbal, Dark Chocolate, Roasted Nuts, Bittersweet",Green/Vegetative,RM 71,https://down-my.img.susercontent.com/file/my-11134207-7rasd-m7rt3sg7ch9z37.webp,Mixed Varieties,750 - 1500 masl,Semi Washed,Dark,Both,Indonesia,No,https://aarcoffeelibrary.com/products/indonesia-sumatra-mandheling
459,Ang Ang Roastery,Kenya AA Ichamama,,"Orange, Blackberry, Apricot, Sugarcane",Fruity,RM 104,https://down-my.img.susercontent.com/file/my-11134207-7ras8-m7qrr48cwteb2d.webp,"SL28,SL34",1700 - 1800 masl,Washed,Light,Filter,Kenya,No,https://aarcoffeelibrary.com/products/kenya-aa-ichamama
460,Ang Ang Roastery,Kenya Machakos AA Top Koyamaen,,"Roselle, Blackcurrant, Grapefruit, Hints of Matcha",Fruity,RM 120,https://aarcoffeelibrary.com/cdn/shop/files/COVER_12.png?v=1753248379&width=3000,"SL28,SL34",1900 masl,72hr Double Fermentation Washed,Unknown,Filter,Kenya,No,https://aarcoffeelibrary.com/products/kenya-machakos-aa-top-koyamaen
461,Ang Ang Roastery,Lavender Perfume Thailand Chiang Rai Srima,,"Lavender, Chinese Black Tea, Apple, Milk Tea",Floral,RM 66,https://cdn.shopify.com/s/files/1/0609/6374/9959/files/Level4LavenderPerfume.png?v=1753352108,Caturra,1400-1600 masl,Co-Fermentation Double Anaerobic Honey,Unknown,Both,Thailand,No,https://aarcoffeelibrary.com/products/lavender-perfume-thailand-chiang-rai-srima
462,Ang Ang Roastery,Myanmar Hopong,,"Nutty, Plum, Muscovado, Black Tea",Nutty/Cocoa,RM 74,https://aarcoffeelibrary.com/cdn/shop/files/Level1MyanmarHopong.png?v=1753351919&width=3000,Caturra,1200-1400 masl,Washed,Unknown,Espresso,Myanmar,No,https://aarcoffeelibrary.com/products/myanmar-hopong
463,Ang Ang Roastery,Nicaragua La Flor,,"Apple, Red Dates, Milk Chocolate","Fruity, Nutty/Cocoa",RM 78,https://down-my.img.susercontent.com/file/my-11134207-7rase-m7qsp7jiw3uf79.webp,Mixed Varieties,1000 masl,Washed,Medium,Both,Nicaragua,No,https://aarcoffeelibrary.com/products/nicaragua-la-flor
464,Ang Ang Roastery,Nicaragua Picaflor,,"Goji Berries, Brown Sugar; White: Caramel, Velvety","Fruity, Sweet",RM 74,https://aarcoffeelibrary.com/cdn/shop/files/productcover-06.webp?v=1753172128&width=3000,Caturra & Catuai,1300 masl,Washed,Unknown,Espresso,Nicaragua,No,https://aarcoffeelibrary.com/products/nicaragua-picaflor
465,Ang Ang Roastery,Panama Carmen Estate,,"Fresh Orange, Dates, Vanilla, Almond",Fruity,RM 107,https://aarcoffeelibrary.com/cdn/shop/files/productcover-10.webp?v=1753172342&width=3000,Caturra,1700 masl,Natural,Unknown,Filter,Panama,No,https://aarcoffeelibrary.com/products/panama-carmen-estate
466,Ang Ang Roastery,Panama Chiriqui Ponderosa,,"Cranberry, Apricot, Grapefruits, Genmaicha",Fruity,RM 517,https://down-my.img.susercontent.com/file/my-11134207-7rase-m7rr40gmp7mbcf.webp,Sidra,1600 masl,Honey,Light,Both,Panama,No,https://aarcoffeelibrary.com/products/panama-chiriqui-ponderosa
467,Ang Ang Roastery,Panama Jaramillo Barbara Blue Dacnis,,"Lychee, Orange Blossoms, Mango, Pineapple, Cranberry, Sticky Mouthfeel",Fruity,RM 628,https://down-my.img.susercontent.com/file/my-11134207-7rash-m7rpgrqboyuv71.webp,Geisha,1700 masl,Natural,Light,Filter,Panama,No,https://aarcoffeelibrary.com/products/panama-jaramillo-barbara-blue-dacnis
468,Ang Ang Roastery,Watermelon Chewing Gum Colombia Risaralda Finca Milan,,"Watermelon Gummies, Cantaloupe, Citrus, Strawberry, Clean & Juicy","Fruity, Sweet",RM 84,https://cdn.shopify.com/s/files/1/0609/6374/9959/files/Level4WatermelonChewingGum.png?v=1753352116,Caturra,1400-1500 masl,Culturing Nitrogen Fermentation,Unknown,Both,Colombia,No,https://aarcoffeelibrary.com/products/watermelon-chewing-gum-colombia-risaralda-finca-milan
469,Kafein Roastery,Honduras Mocha Sherry,,"Whisky, Vanilla, Honeydew, Honey, Dark Chocolate",Sour/Fermented,RM 80,https://down-my.img.susercontent.com/file/my-11134207-7rasl-m1ldwuivcsne68.webp,"Caturra,Catuai",1500 - 1700 masl,Whisky Barrel Fermentation,Medium Light,Both,Honduras,No,https://shopee.com.my/-Coffee-Bean-Honduras-Mocha-Sherry-Whisky-Barrel-Fermentation-Process-%E6%B4%AA%E9%83%BD%E6%8B%89%E6%96%AF%E9%9B%AA%E8%8E%89%E8%8E%AB%E5%8D%A1%E5%BA%84%E5%9B%AD%E5%A8%81%E5%A3%AB%E5%BF%8C%E9%85%92%E6%A1%B6%E5%8F%91%E9%85%B5%E5%92%96%E5%95%A1%E8%B1%86-i.142994718.8885327738?extraParams=%7B%22display_model_id%22%3A111260444786%7D
470,Kafein Roastery,Ikigai Blend Dark Roast,,"Chocolate, Hazelnut, Creamy, Herbal, Bittersweet",Nutty/Cocoa,RM 29,https://down-my.img.susercontent.com/file/my-11134207-7rash-m1ldyhjyyyav7b.webp,,,"Washed,Natural,Wet Hulled",Dark,Espresso,"Brazil, Colombia, Indonesia",Yes,https://shopee.com.my/-Coffee-Bean-Ikigai-Blend-Dark-Roast-%E2%80%A2-Suitable-for-Espresso-Moka-Pot-Americano-Latte-%E2%80%A2-i.142994718.16539935595?extraParams=%7B%22display_model_id%22%3A171547890024%7D
471,Kafein Roastery,Hatsukoi Blend,,"Strawberry Jam, Raspberry, Panela, Cacao Nibs, Black Tea","Fruity, Nutty/Cocoa",RM 65,https://down-my.img.susercontent.com/file/my-11134207-820le-meydzvsu6dj96b.webp,,,"Washed,D.A. Honey",Medium,Both,"Colombia, Thailand",Yes,https://shopee.com.my/-Coffee-Bean-Hatsukoi-Blend-Washed-Anaerobic-Honey-Process-Medium-Roast-i.142994718.25369556990?extraParams=%7B%22display_model_id%22%3A255497886740%7D
472,Kafein Roastery,Costa Rice Tarrazu Fruitopia,,"Flora, Berries, Strawberry, Chocolate Milk","Floral, Fruity",RM 80,https://down-my.img.susercontent.com/file/my-11134207-820ld-mhab8rtnk1laf4.webp,,,Raisin Honey,Light,Filter,Costa Rica,No,https://shopee.com.my/-Coffee-Bean-Costa-Rica-Tarrazu-Fruitopia-Raisin-Honey-Process-Light-Roast-i.142994718.45001817273?extraParams=%7B%22display_model_id%22%3A350166222386%7D
473,Kafein Roastery,Ethiopia Guji Lulo Buku Bella 74158 TOH#1,,"Chamomile, Sweet Orange, Raisin, Blueberry","Floral, Fruity",RM 100,https://down-my.img.susercontent.com/file/my-11134207-820lf-mj6r93o49eyq73.webp,,,Natural,Light,Filter,Ethiopia,No,https://shopee.com.my/-Coffee-Bean-TOH-1-Ethiopia-Guji-Lulo-Buku-Bella-74158-Natural-Process-Light-Roast-i.142994718.47054309281?extraParams=%7B%22display_model_id%22%3A420402233901%7D
474,Kafein Roastery,Ethiopia Guji Hambela Peony Gesha,,"Floral, Bergamot, Peach, Oolong Tea",Floral,RM 70,https://down-my.img.susercontent.com/file/my-11134207-7rasm-mbzffjda92h5a7.webp,,,Washed,Light,Filter,Ethiopia,No,https://shopee.com.my/-Coffee-Bean-Ethiopia-Guji-Hambela-Peony-Gesha-Washed-Process-Light-Roast-i.142994718.43157904487?extraParams=%7B%22display_model_id%22%3A370300100700%7D
475,Kafein Roastery,Colombia Quindio Las Margarita Washed,,"Muscat, Rose, Bergamot, Juicy body",Fruity,RM 120,https://down-my.img.susercontent.com/file/my-11134207-820l9-mk14afhv321195.webp,,,Double Anaerobic Washed,Light,Filter,Colombia,No,https://shopee.com.my/-Coffee-Bean-Colombia-Quindio-Las-Margarita-Muscat-Double-Anaerobic-Washed-Light-Roast-i.142994718.27291996936?extraParams=%7B%22display_model_id%22%3A157953323188%7D
476,Kaffei Roastery,Thailand Chiang Rai Peach Co-Fermentation,,"Peach, Passion Fruit, Tangerine, Stone Fruit",Fruity,RM 39,https://down-my.img.susercontent.com/file/my-11134207-820le-mk7zv7awfuh1b6.webp,Caturra,1400 - 1600 masl,Double Anaerobic Honey,Medium Light,Filter,Thailand,No,https://shopee.com.my/-KAFFEI-Specialty-Single-Origin-Thailand-Chiang-Rai-Peach-Co-Fermentation-100-Arabica-Coffee-Bean-i.1005149109.41469932260
477,Kaffei Roastery,Brazil Santos NY 2/3 SCR 17/18,,"Butter, Cookies, Nutty, Chocolate",Nutty/Cocoa,RM 25,https://down-my.img.susercontent.com/file/my-11134207-820lc-mk801at401l40f.webp,,,Natural,Medium-Dark,Both,Brazil,No,https://shopee.com.my/-KAFFEI-Single-Origin-Brazil-Santos-NY-2-3-SCR-17-18-100-Arabica-Coffee-Bean-250g-500g-1KG-i.1005149109.24502293355
478,Kaffei Roastery,Ethiopia Guji Haro G1 Masako,,"Citrus, Earl Grey Tea, White Floral, Purple Grape",Fruity,RM 42,https://down-my.img.susercontent.com/file/my-11134207-820l6-mk7zpapb4hdu99.webp,Heirloom,,Natural,Light,Both,Ethiopia,No,https://shopee.com.my/-KAFFEI-Specialty-Single-Origin-Ethiopia-Guji-Haro-G1-Masako-100-Arabica-Coffee-Bean-i.1005149109.51753101175
479,Kaffei Roastery,South Blend,,"Dark Cocoa, Chocolate, Cookies, Spice, Butter, Popcorn, Nut","Nutty/Cocoa, Spices",RM 30,https://down-my.img.susercontent.com/file/my-11134207-820l8-mk7zu7spog0779.webp,,,,Medium-Dark,Espresso,"Brazil, Indonesia, Guatemala",Yes,https://shopee.com.my/KAFFEI-South-Blend-Espresso-Blend-100-arabica-coffee-bean-250g-500g-1KG-i.1005149109.23668577169
480,Kaffei Roastery,Indonesia Sumatra Mandheling G1,,"Chocolate, Herbal, Butter, Dark Cocoa, Spice","Nutty/Cocoa, Green/Vegetative",RM 30,https://down-my.img.susercontent.com/file/my-11134207-820le-mk803c4gdwxw0d.webp,,,Wet Hulled,Medium-Dark,Both,Indonesia,No,https://shopee.com.my/-KAFFEI-Single-Origin-Indonesia-Sumatra-Mandheling-G1-100-Arabica-Coffee-Bean-250g-500g-1KG-i.1005149109.10899730444
481,Kaffei Roastery,Ethiopia Yirgacheffe Koke Shalaye G1 100,,"Black Tea, Lime, Floral, Blueberry",Floral,RM 42,https://down-my.img.susercontent.com/file/my-11134207-820ld-mk7zdhm051qce3.webp,Heirloom,,Washed,Light,Both,Ethiopia,No,https://shopee.com.my/-KAFFEI-Specialty-Single-Origin-Ethiopia-Yirgacheffe-Koke-Shalaye-G1-100-Arabica-Coffee-Bean-i.1005149109.50053099818
482,Kaffei Roastery,Honduras Finca Gosen,,"Fruit Wine, Tropical Fruit, Rye Juice, Cherry","Fruity, Sour/Fermented",RM 42,https://down-my.img.susercontent.com/file/my-11134207-820l5-mk7zsepv3o5e06.webp,H-27,1500 masl,Anaerobic Natural,Medium Light,Filter,Honduras,No,https://shopee.com.my/-KAFFEI-Specialty-Single-Origin-Honduras-Finca-Gosen-100-Arabica-Coffee-Bean-250g-500g-1KG-i.1005149109.49953125862
483,Kaffei Roastery,North Blend,,"Citrus, Lemon, Black Tea, Floral, Popcorn, Nut",Fruity,RM 30,https://down-my.img.susercontent.com/file/my-11134207-820l4-mk802etdp5af74.webp,,,,Medium,Espresso,"Brazil, Ethiopia, Guatemala",Yes,https://shopee.com.my/KAFFEI-North-Blend-Espresso-Blend-100-arabica-coffee-bean-250g-500g-1KG-i.1005149109.20480014951
484,BEAM Specialty,Brazil Minas Honey Nuttiness Natural,,"Roasted Almond, Chocolate, Honey","Sweet, Nutty/Cocoa, Roasted",RM 34,https://beamspecialty.com/wp-content/uploads/2024/03/Medium-Brazil-Honey-Nuttiness-scaled.jpg,Yellow Bourbon,1000 – 1300 MASL,Natural,Medium,Both,Brazil,No,https://beamspecialty.com/product/brazil-minas-honey-nuttiness-natural/
485,BEAM Specialty,Colombia Tolima San Pedro Auction Lot Geisha Natural,,"Blackcurrant, Red Plum, Melon Sweetness, Mandarin Tea ","Fruity, Sweet",RM 400,https://beamspecialty.com/wp-content/uploads/2026/02/Colombia-San-Pedro-.jpeg,Geisha,1800 MASL,Natural,Light,Filter,Colombia,No,https://beamspecialty.com/product/colombia-tolima-san-pedro-auction-lot-geisha-natural/
486,BEAM Specialty,Costa Rica Central Valley Hacienda Sonora Caturra Natural,,"Apple Jam, Orange, Packham Pear, Fig ",Fruity,RM 34,https://beamspecialty.com/wp-content/uploads/2026/01/CR-Caturra-01.jpg,Caturra,1300,Natural,Medium,Both,Costa Rica,No,https://beamspecialty.com/product/costa-rica-central-valley-hacienda-sonora-caturra-natural/
487,BEAM Specialty,Ethiopia Guji Hambela Deri Kidame Heirloom Natural,,"Orange Blossom, Marmalade, Apricot, Grapefruit",Fruity,RM 34,https://beamspecialty.com/wp-content/uploads/2026/02/Ethiopia-Guji-Hambela-01.jpg,Heirloom,2000 – 2100 MASL,Natural,Light,Both,Ethiopia,No,https://beamspecialty.com/product/ethiopia-guji-hambela-deri-kidame-heirloom-natural/
488,BEAM Specialty,Ethiopia Yirgacheffe Idido Heirloom Washed,,"Bergamot, Lemon, Yellow Floral, Peach Tea","Fruity, Floral",RM 34,https://beamspecialty.com/wp-content/uploads/2026/02/Ethiopia-Yirgacheffe-Idido-01.jpg,Heirloom,1900 MASL,Washed,Light,Both,Ethiopia,No,https://beamspecialty.com/product/ethiopia-yirgacheffe-idido-heirloom-washed/
489,BEAM Specialty,Fairy Pitta,,"Apple, Orange, Yellow Floral, Manuka Honey ","Fruity, Floral, Sweet",RM 144,https://beamspecialty.com/wp-content/uploads/2025/11/Fairy-Pitta-simple.jpg,,,Anaerobic Natural,Light,Both,"Ethiopia, Malaysia",Yes,https://beamspecialty.com/product/fairy-pitta/
490,BEAM Specialty,Guatemala Santa Rosa Finca Morito SHB Washed,,"Chocolate, Caramel, Sweet Herbal ","Sweet, Nutty/Cocoa, Green/Vegetative",RM 34,https://beamspecialty.com/wp-content/uploads/2024/05/Medium-Guatemala-Rosa.jpg,"Bourbon, Caturra, Pache",1300 – 1700 MASL,Washed,Medium,Both,Guatemala,No,https://beamspecialty.com/product/guatemala-santa-rosa-finca-morito-shb-washed/
491,BEAM Specialty,Honduras 2025 COE #1 Santa Barbara Fincal El Rubi Parainema Washed,,"Prune, Plum, Black Cherry, Nectarine","Fruity, Sweet",RM 400,https://beamspecialty.com/wp-content/uploads/2026/01/WhatsApp-Image-2026-01-14-at-16.05.59_65e97c75.jpg,Parainema,1400 MASL,Washed,Light,Filter,Honduras,No,https://beamspecialty.com/product/honduras-2025-coe-1-santa-barbara-fincal-el-rubi-parainema-washed/
492,BEAM Specialty,Indonesia Sumatra Mandheling TP G1 Semi-Washed,,"Chocolate, Sultana Raisin, Caramel ","Fruity, Sweet, Nutty/Cocoa",RM 34,https://beamspecialty.com/wp-content/uploads/2024/03/Medium-Indonesia-Mandheling-scaled.jpg,"Tim Tim, Catimor, Lini-S (S-975)",1600 – 1900 MASL,Wet-hulled,Medium,Both,Indonesia,No,https://beamspecialty.com/product/indonesia-sumatra-mandheling-tp-g1-semi-washed/
493,BEAM Specialty,"Kenya Thageini Karibu SL28, SL34 Supernatural",,"Cherry, Passionfruit, Mix Berries Jam, Roselle Tea","Fruity, Floral",RM 129,https://beamspecialty.com/wp-content/uploads/2026/02/Kenya-Supernatural-simple.jpeg,"SL28, SL34",1650 – 1800 MASL,Natural,Light,Filter,Kenya,No,https://beamspecialty.com/product/kenya-thageini-karibu-sl28-sl34-supernatural/
494,BEAM Specialty,Malaysia Johor My Liberica Special Lot Liberica Anaerobic Natural,,"Raspberry Jam, Ginger Flower, Dry Longan, Mango Candy","Fruity, Floral, Sweet, Nutty/Cocoa, Spices",RM 72,https://beamspecialty.com/wp-content/uploads/2025/05/Johor-Special-Lot-simple.jpg,Liberica,,Anaerobic Natural,Light,Filter,Malaysia,No,https://beamspecialty.com/product/malaysia-johor-my-liberica-special-lot-liberica-anaerobic-natural/
495,BEAM Specialty,Panama Volcancito Los Lajones Geisha Washed,,"Jasmine, Honey, Calamansi Candy, Nectarine","Fruity, Floral, Sweet",RM 450,https://beamspecialty.com/wp-content/uploads/2026/02/Panama-Los-Lajones-.jpeg,Geisha,1800 MASL,Washed,Light,Filter,Panama,No,https://beamspecialty.com/product/panama-volcancito-los-lajones-geisha-washed/
496,Overdose Kitten,Malaysia Tampin Liberica Natural,,"Jackfruit, Dried longan, Sarsaparilla",Fruity,RM 70,https://down-my.img.susercontent.com/file/my-11134207-820lh-mki9fhoahlad92.webp,Liberica,,Green House Natural,Unknown,Both,Malaysia,No,https://shopee.com.my/Malaysia-Tampin-Liberica-Natural-i.13781295.14971490705
497,Overdose Kitten,Myanmar Biome Anaerobic White Honey,,"Apricot, Sweet Nuts, Lychee","Fruity, Sweet",RM 60,https://down-my.img.susercontent.com/file/my-11134207-820lb-mkia1aw3gj60e9.webp,"Catimor,Caturra",,Anaerobic White Honey,Unknown,Both,Myanmar,No,https://shopee.com.my/Myanmar-Biome-Anaerobic-White-Honey-i.13781295.18271565631
498,Overdose Kitten,India Ammikulavi Anaerobic Natural,,"Red Grapes, Honey, Dried Fig","Fruity, Sweet",RM 75,https://down-my.img.susercontent.com/file/my-11134207-820lh-mkia5u8gqakma8.webp,Caturra,,Anaerobic Natural,Unknown,Both,India,No,https://shopee.com.my/India-Ammikulavi-Anaerobic-Natural-i.13781295.20371564399
499,Overdose Kitten,Thailand Chiang Rai Srima Peach,,"Peach, Apricot, White Tea",Fruity,RM 80,https://down-my.img.susercontent.com/file/my-11134207-820l8-mkiaiubr51xf26.webp,Caturra,,Co-Fermentation Double Anaerobic Honey,Unknown,Both,Thailand,No,https://shopee.com.my/Thailand-Chiang-Rai-Srima-Peach-i.13781295.48856019311
500,Overdose Kitten,Ethiopia Guji Kercha Natural,,"Floral, Orange, Blackcurrant","Floral, Fruity",RM 60,https://down-my.img.susercontent.com/file/my-11134207-820lf-mki9pfddws905e.webp,Heirloom,,Natural,Unknown,Both,Ethiopia,No,https://shopee.com.my/Ethiopia-Guji-Kercha-Natural-i.13781295.16785061536
501,Overdose Kitten,Uganda Impala Natural,,"Red Cherries, Brown Sugar, Tropical Fruits","Fruity, Sweet",RM 30,https://down-my.img.susercontent.com/file/my-11134207-820lf-mki9u0ts3aioe2.webp,"SL14,SL28,Typica",,Natural,Unknown,Both,Uganda,No,https://shopee.com.my/Uganda-Impala-Natural-200g-i.13781295.19013375838
502,Overdose Kitten,Kenya AA Top Kirinyaga Mukengeria,,"Orange Blossom, Berries, Green Tea",Fruity,RM 75,https://down-my.img.susercontent.com/file/my-11134207-820lc-mkiacpnxtgxy65.webp,SL28、SL34,,Dry Fermented + Soaked underwater,Unknown,Both,Kenya,No,https://shopee.com.my/Kenya-AA-TOP-Kirinyaga-Mukengeria-i.13781295.25507346052
503,Overdose Kitten,Indonesia Frinsa Estate Lactic Natural,,"Soursop, Candied Pineapple, Berries",Fruity,RM 60,https://down-my.img.susercontent.com/file/my-11134207-820l5-mki9lcmwjeh2f8.webp,Typica,,Lactic Natural,Unknown,Both,Indonesia,No,https://shopee.com.my/Indonesia-Frinsa-Estate-Lactic-Natural-i.13781295.24907345291
504,Overdose Kitten,Thailand Chiang Rai Srima Strawberry,,"Hibiscus Tea, Strawberry, White Peach","Floral, Fruity",RM 80,https://down-my.img.susercontent.com/file/my-11134207-820lb-mkia7j6evhfm5a.webp,Caturra,,Co-Fermentation Double Anaerobic Honey,Unknown,Both,Thailand,No,https://shopee.com.my/Thailand-Chiang-Rai-Srima-Strawberry-i.13781295.21013375578
505,Overdose Kitten,ODK Ragdoll Blend,,"Chocolate, Caramel, Nutty, Bold Body",Nutty/Cocoa,RM 25,https://down-my.img.susercontent.com/file/my-11134207-820l5-mki9smihivb995.webp,,,"Pulp Natural,Washed",Unknown,Both,"Brazil, Indonesia",Yes,https://shopee.com.my/ODK-Ragdoll-Blend-500g-i.13781295.1664164595
506,Dou Yuan Coffee,Mellow & Honey-Like,,Balanced taste and smooth finish that lingers in your mouth,"Fruity, Sweet",RM 66,https://down-my.img.susercontent.com/file/my-11134207-7r992-lqa1xov2jv8590.webp,,,,Dark,Espresso,,Yes,https://shopee.com.my/Dou-Yuan-Mellow-Honey-Like-(Espresso-blend)-%E8%B1%86%E5%8E%9F%E9%86%87%E5%91%B3%E7%89%B9%E8%AA%BF-%E9%86%87%E8%9C%9C--i.356727934.25857352604
507,Dou Yuan Coffee,Mellow & Hints of Berries,,,Fruity,RM 66,https://down-my.img.susercontent.com/file/my-11134207-7r992-lqa1xov2cudx81.webp,,,,Dark,Espresso,,Yes,https://shopee.com.my/Dou-Yuan-Mellow-Hints-of-Berries-(Espresso-blend)-%E8%B1%86%E5%8E%9F%E9%86%87%E5%91%B3%E7%89%B9%E8%AA%BF-%E9%86%87%E8%8E%93--i.356727934.25807350853
508,Dou Yuan Coffee,Thick and Woody,,,Spices,RM 82,https://down-my.img.susercontent.com/file/my-11134207-7r98q-lqa5qf7epo3i11.webp,,,,Medium Light,Filter,,No,https://shopee.com.my/Dou-Yuan-Thick-and-Woody-(Hand-Drip)-%E8%B1%86%E5%8E%9F%E6%89%8B%E6%B2%96%E7%89%B9%E8%AA%BF-%E5%8E%9A%E6%9C%A8--i.356727934.25657369190
509,Dou Yuan Coffee,Thick and Chocolatey,,,Nutty/Cocoa,RM 70,https://down-my.img.susercontent.com/file/my-11134207-7r98q-lqa1xov2ig5a75.webp,,,,Medium Light,Filter,,No,https://shopee.com.my/Dou-Yuan-Thick-and-Chocolatey-(Hand-Drip)-%E8%B1%86%E5%8E%9F%E6%89%8B%E6%B2%96%E7%89%B9%E8%AA%BF-%E5%8E%9A%E5%B7%A7--i.356727934.25607366964
510,Dou Yuan Coffee,Thick and Honey-Like,,,Sweet,RM 70,https://down-my.img.susercontent.com/file/my-11134207-7r991-lqa1xov230et4d.webp,,,,Medium Light,Filter,,No,https://shopee.com.my/Dou-Yuan-Thick-and-Honey-Like-(Hand-Drip)-%E8%B1%86%E5%8E%9F%E6%89%8B%E6%B2%96%E7%89%B9%E8%AA%BF-%E5%8E%9A%E8%9C%9C--i.356727934.25557363648
511,Dou Yuan Coffee,Mellow & Winey,,,"Sour/Fermented, Fruity",RM 75,https://down-my.img.susercontent.com/file/my-11134207-7r992-lqa1xov28m66d6.webp,,,,Dark,Espresso,,Yes,https://shopee.com.my/Dou-Yuan-Mellow-Winey-(Espresso-blend)-%E8%B1%86%E5%8E%9F%E9%86%87%E5%91%B3%E7%89%B9%E8%AA%BF-%E9%86%87%E9%86%BA--i.356727934.25457353290
512,Dou Yuan Coffee,Thick and Sweet,,,Sweet,RM 70,https://down-my.img.susercontent.com/file/my-11134207-7r98z-lqa1xov1vzkle1.webp,,,,Medium Light,Filter,,No,https://shopee.com.my/Dou-Yuan-Thick-and-Sweet-(Hand-Drip)-%E8%B1%86%E5%8E%9F%E6%89%8B%E6%B2%96%E7%89%B9%E8%AA%BF-%E5%8E%9A%E7%94%9C--i.356727934.25207362870
513,Dou Yuan Coffee,Mellow & Sweet,,,"Fruity, Sweet",RM 66,https://down-my.img.susercontent.com/file/my-11134207-7r98t-lqa1xov1vz26e0.webp,,,,Dark,Espresso,,Yes,https://shopee.com.my/Dou-Yuan-Mellow-Sweet-(Espresso-blend)-%E8%B1%86%E5%8E%9F%E9%86%87%E5%91%B3%E7%89%B9%E8%AA%BF-%E9%86%87%E7%94%9C--i.356727934.24907352271
514,Dou Yuan Coffee,Mellow & Chocolatey,,,"Fruity, Nutty/Cocoa",RM 56,https://down-my.img.susercontent.com/file/my-11134207-7r98q-lqa1xov2784516.webp,,,,Dark,Espresso,,Yes,https://shopee.com.my/Dou-Yuan-Mellow-Chocolatey-(Espresso-Blend)-%E8%B1%86%E5%8E%9F%E9%86%87%E5%91%B3%E7%89%B9%E8%AA%BF-%E9%86%87%E5%B7%A7--i.356727934.24657349994
515,Dou Yuan Coffee,Malaysia Single Origin Coffee Bean,,,,RM 96,https://down-my.img.susercontent.com/file/my-11134207-7r991-lqa5qf7f0wn256.webp,,,,Medium Light,Both,Malaysia,No,https://shopee.com.my/Malaysia-Single-Origin-Coffee-Bean-%E9%A9%AC%E6%9D%A5%E8%A5%BF%E4%BA%9A%E5%8D%95%E5%93%81%E8%B1%86-100g-200g-i.356727934.25407399482
516,Dou Yuan Coffee,Mellow & Hints of Citrus - Peels,,,Fruity,RM 56,https://down-my.img.susercontent.com/file/my-11134207-7r98u-lqa1xov2e8ydef.webp,,,,Dark,Espresso,,Yes,https://shopee.com.my/Dou-Yuan-Mellow-Hints-of-Citrus-Peels-(Espresso-blend)-%E8%B1%86%E5%8E%9F%E9%86%87%E5%91%B3%E7%89%B9%E8%AA%BF-%E9%86%87%E9%A6%99--i.356727934.25007356345
517,Dou Yuan Coffee,Thick and Hints of Berries,,,Fruity,RM 70,https://down-my.img.susercontent.com/file/my-11134207-7r98t-lqa5qf7fszzya6.webp,,,,Medium Light,Filter,,No,https://shopee.com.my/Dou-Yuan-Thick-and-Hints-of-Berries-(Hand-Drip)-%E8%B1%86%E5%8E%9F%E6%89%8B%E6%B2%96%E7%89%B9%E8%AA%BF-%E5%8E%9A%E8%8E%93--i.356727934.25257368906
518,Curate Coffee Roaster,Monday Blues,,"Nutty, Cocoa, Syrupy",Nutty/Cocoa,RM 46,https://down-my.img.susercontent.com/file/my-11134207-820l5-mi2kcg76m41v74.webp,,,Natural,Unknown,Espresso,Brazil,No,https://shopee.com.my/CURATE-Signature-Blend-Espresso-Coffee-Beans-100-Arabica-Coffee-Bean-Curate-Coffee-Roasters-i.931992618.22646922622
519,Curate Coffee Roaster,Basic W*lf,,"Caramel, Chocolatey, Creamy","Sweet, Nutty/Cocoa",RM 64,https://down-my.img.susercontent.com/file/my-11134207-820lf-mi2kdssyovlyfe.webp,,,"Natural,Washed",Unknown,Espresso,"Brazil, Colombia, Ethiopia",Yes,https://shopee.com.my/CURATE-Signature-Blend-Espresso-Coffee-Beans-100-Arabica-Coffee-Bean-Curate-Coffee-Roasters-i.931992618.22646922622
520,Curate Coffee Roaster,Wild Flower,,"Jasmine Tea, Roselle, Juicy",Floral,RM 54,https://down-my.img.susercontent.com/file/my-11134207-820lc-mi2kk3q7yrra3d.webp,,,"Washed,Anaerobic",Unknown,Espresso,"Ethiopia, Colombia",Yes,https://shopee.com.my/CURATE-Signature-Blend-Espresso-Coffee-Beans-100-Arabica-Coffee-Bean-Curate-Coffee-Roasters-i.931992618.22646922622
521,Curate Coffee Roaster,SOE Ethiopia Arbegona,,"Boysenberry, Black Plum, Earl Grey Tea","Fruity, Floral",RM 71,https://down-my.img.susercontent.com/file/my-11134207-820lb-mgysa219tlos8e.webp,Heirloom,,Anaerobic Natural,Unknown,Both,Ethiopia,No,https://shopee.com.my/*Seasonal*-CURATE-Single-Origin-Espresso-(SOE)-Coffee-Beans-I-100-Arabica-Coffee-Bean-I-Curate-Coffee-Roasters-i.931992618.18491999413
522,Curate Coffee Roaster,SOE Ethiopia Wubanchi,,"Apricot, Tangerine, Orange Blossom",Fruity,RM 72,https://down-my.img.susercontent.com/file/my-11134207-820l5-mkaj75jo0xzb72.webp,Heirloom,,Washed,Unknown,Both,Ethiopia,No,https://shopee.com.my/*Seasonal*-CURATE-Single-Origin-Espresso-(SOE)-Coffee-Beans-I-100-Arabica-Coffee-Bean-I-Curate-Coffee-Roasters-i.931992618.18491999413
523,Curate Coffee Roaster,SOE Costa Rica,,"Plum, Almond, Pu-erh Tea","Fruity, Floral",RM 72,https://down-my.img.susercontent.com/file/my-11134207-820lc-mh016jwalszyb5.webp,"Caturra,Catuai",,Honey,Unknown,Both,Costa Rica,No,https://shopee.com.my/*Seasonal*-CURATE-Single-Origin-Espresso-(SOE)-Coffee-Beans-I-100-Arabica-Coffee-Bean-I-Curate-Coffee-Roasters-i.931992618.18491999413
524,Curate Coffee Roaster,SOF MyLiberica Sun Dry,,"Monkfruit, Longan, Stevia, Jackfruit ",Fruity,RM 148,https://down-my.img.susercontent.com/file/my-11134207-820l8-mgyqwnxlik96f3.webp,Liberica,,Sun Dry,Unknown,Both,Malaysia,No,https://shopee.com.my/*Seasonal*-CURATE-Single-Origin-Filter-Coffee-Beans-100-Arabica-Coffee-Beans-Curate-Coffee-Roasters-i.931992618.23081851058
525,Curate Coffee Roaster,Colombia La Bohemia,,"White Grape, Tangerine, Jasmine",Fruity,RM 180,https://down-my.img.susercontent.com/file/my-11134207-820ld-mgymj4a1e1hk07.webp,Yellow Bourbon,,Washed,Unknown,Filter,Colombia,No,https://shopee.com.my/*Seasonal*-CURATE-Single-Origin-Filter-Coffee-Beans-100-Arabica-Coffee-Beans-Curate-Coffee-Roasters-i.931992618.23081851058
526,Curate Coffee Roaster,Ethiopia Alo Washed,,"Coffee Blossom, Dried Apricot, Honey","Fruity, Sweet",RM 216,https://down-my.img.susercontent.com/file/my-11134207-820ld-mgymj4a1e1hk07.webp,Caturra,,Washed,Unknown,Filter,Ethiopia,No,https://shopee.com.my/*Seasonal*-CURATE-Single-Origin-Filter-Coffee-Beans-100-Arabica-Coffee-Beans-Curate-Coffee-Roasters-i.931992618.23081851058
527,Curate Coffee Roaster,Ethiopia Alo Chilaka,,"Passion Fruit, Rum Raisin, Manuka Honey","Fruity, Sour/Fermented, Sweet",RM 212,https://down-my.img.susercontent.com/file/my-11134207-820ld-mgymj4a1e1hk07.webp,74158,,Anaerobic Natural,Unknown,Filter,Ethiopia,No,https://shopee.com.my/*Seasonal*-CURATE-Single-Origin-Filter-Coffee-Beans-100-Arabica-Coffee-Beans-Curate-Coffee-Roasters-i.931992618.23081851058
528,Soon Specialty Coffee,Momotaro Blend 桃太郎 ,,"Peach, Berry, Candy",Fruity,RM 61,https://down-my.img.susercontent.com/file/my-11134207-23010-szwjxalef9lv30.webp,,,,Medium,Both,,Yes,https://shopee.com.my/Roasted-Coffee-Beans-Momotaro-Blend-%E6%A1%83%E5%A4%AA%E9%83%8E-120g-i.320818486.22418345600
529,Soon Specialty Coffee,AKI BLEND,,"Dark Chocolate, Prune, Nutmeg",Nutty/Cocoa,RM 37,https://down-my.img.susercontent.com/file/d59f9d9d3a8246e7114add92e33fa835.webp,,,,Medium-Dark,Espresso,"Papua New Guinea, Honduras, Indonesia",Yes,https://shopee.com.my/Soon-Specialty-Coffee-Roasted-Coffee-Beans-AKI-BLEND-i.320818486.4156572580
530,Soon Specialty Coffee,Fuyu Blend,,"Blackcurrant, Chocolate, Brown Sugar","Fruity, Nutty/Cocoa, Sweet",RM 36,https://down-my.img.susercontent.com/file/fdb1a5e951359700eda7c692cc863186.webp,,,,Medium,Both,"Ethiopia, Guatemala, Kenya",Yes,https://shopee.com.my/Soon-Specialty-Coffee-Roasted-Coffee-Beans-FUYU-BLEND-i.320818486.4956572195
531,Soon Specialty Coffee,Haru Blend,,"Floral, Berry, Honey",Floral,RM 37,https://down-my.img.susercontent.com/file/ce2af13a5c8f0161ca7550a354e6ae90.webp,,,,Medium Light,Filter,"Ethiopia, Kenya, Guatemala",Yes,https://shopee.com.my/Soon-Specialty-Coffee-Roasted-Coffee-Beans-HARU-BLEND-i.320818486.7756551351
532,Soon Specialty Coffee,Natsu Blend,,"Dark Chocolate, Cane Sugar, Toasted Hazelnut","Nutty/Cocoa, Sweet",RM 33,https://down-my.img.susercontent.com/file/aab841ad88dc35044321c751fa1aa62b.webp,,,,Medium,Espresso,"Colombia, Brazil, Honduras",Yes,https://shopee.com.my/Soon-Specialty-Coffee-Roasted-Coffee-Beans-NATSU-BLEND-i.320818486.5256571855
533,Soon Specialty Coffee,SO Brazil Santos,,"Dark Chocolate , Almond, Tobacco",Nutty/Cocoa,RM 33,https://down-my.img.susercontent.com/file/2efa03cfcd7a6e6027bea0e39f61bf47.webp,,,Washed,Medium-Dark,Espresso,Brazil,No,https://shopee.com.my/Soon-Specialty-Coffee-Single-Origin-Brazil-Santos-i.320818486.9906323209
534,Soon Specialty Coffee,SO Colombia Regional Inza Washed,,"Orange Blossom, Spice, Brown Sugar",Fruity,RM 33,https://down-my.img.susercontent.com/file/my-11134207-7r992-lv0mee6u2p888e.webp,Mixed,,Washed,Medium,Both,Colombia,No,https://shopee.com.my/Soon-Specialty-Coffee-Single-Origin-Colombia-Regional-Inza-Washed-i.320818486.24029020119
535,Soon Specialty Coffee,SO Ethiopia Guji Shakiso Organic Natural,,"Tropical Fruit, Floral, Milk Chocolate","Fruity, Nutty/Cocoa",RM 40,https://down-my.img.susercontent.com/file/my-11134207-7rasj-m7eviccnvqrsf7.webp,,,Organic Natural,Medium Light,Both,Ethiopia,No,https://shopee.com.my/Soon-Specialty-Coffee-Single-Origin-Ethiopia-Guji-Shakiso-Organic-Natural-i.320818486.27029805676
536,Soon Specialty Coffee,SO Ethiopia Sidamo Washed G2,,"Blackcurrant, Floral, Maple Syrup","Fruity, Floral",RM 33,https://down-my.img.susercontent.com/file/fea645edfaa6a59ac2bab5f6be5678c9.webp,,,Washed,Light,Both,Ethiopia,No,https://shopee.com.my/Soon-Specialty-Coffee-Single-Origin-Ethiopia-Sidamo-Washed-G2-i.320818486.6072277335
537,Soon Specialty Coffee,SO Nicaragua Finca Los Pocitos Washed,,"Licorice, Chocolate, Black Tea","Sour/Fermented, Nutty/Cocoa, Floral",RM 29,https://down-my.img.susercontent.com/file/my-11134207-7ras8-m18ozyspepwif7.webp,,,Fully Washed,Medium,Both,Nicaragua,No,https://shopee.com.my/Soon-Specialty-Coffee-Single-Origin-Nicaragua-Finca-Los-Pocitos-Washed-i.320818486.29413788548
538,Rara Coffee,RaRa Blend Arabica Coffee Beans,,"Dark Chocolate, Tangerine, Hazelnut",Nutty/Cocoa,RM 42,https://down-my.img.susercontent.com/file/my-11134207-820li-mjs7upia5s78c9.webp,,,"Natural, Washed",Medium,Both,"Brazil, Nicaragua, Ethiopia",Yes,https://shopee.com.my/RaRa-Blend-Arabica-Coffee-Beans-Espresso-Filter-Smooth-Chocolatey-Low-Acid-250g-1kg-i.1630053565.25447195158?extraParams=%7B%22display_model_id%22%3A405521659701%2C%22model_selection_logic%22%3A3%7D
539,Rara Coffee,Ethiopia Guji Siko,,"Mango, Stone Fruit, Pineapple",Fruity,RM 42,https://down-my.img.susercontent.com/file/my-11134207-820la-ml697ttibzsz7a.webp,,,Natural,Medium,Both,Ethiopia,No,https://shopee.com.my/Ethiopia-Guji-Siko-espresso-filter-medium-roast-Arabica-coffee-beans-(250g-)-i.1630053565.54606488364?extraParams=%7B%22display_model_id%22%3A340583711829%2C%22model_selection_logic%22%3A3%7D
540,Rara Coffee,Ethiopia Guji Haro Masako,,"Grape, Peach, Mango",Fruity,RM 42,https://down-my.img.susercontent.com/file/my-11134207-820lg-mjs7ubja7imf88.webp,,,Natural,Medium-Dark,Both,Ethiopia,No,https://shopee.com.my/Ethiopia-Guji-Haro-Masako-espresso-filter-medium-dark-roast-Arabica-coffee-beans-(250g-)-i.1630053565.49403075324?extraParams=%7B%22display_model_id%22%3A405293650645%2C%22model_selection_logic%22%3A3%7D
541,Coffex Coffee,Bristot Tiziano Blend,,"Chocolate, Toast, Biscuits",Nutty/Cocoa,RM 29,https://down-my.img.susercontent.com/file/sg-11134201-22110-mo7a97yircjvee.webp,,,,Medium,Espresso,Italy,Yes,https://shopee.com.my/Bristot-Tiziano-Blend-100-Italian-Whole-Coffee-Bean-(1kg)-67-Arabica-33-Robusta-i.63481488.3675495239
542,Coffex Coffee,Coffex Alturra Blend,,"Caramel. Dark Cocoa, Roasted Hazelnut","Sweet, Roasted, Nutty/Cocoa",RM 22,https://down-my.img.susercontent.com/file/2f356c9e1af5f0a0fd3e125dcdd768e3.webp,,,,Unknown,Espresso,"Brazil, Papua New Guinea, Vietnam",Yes,https://shopee.com.my/Coffex-Alturra-Blend-100-Arabica-Whole-Coffee-Bean-(250g-1kg)-i.63481488.4075401520
543,Coffex Coffee,Coffex Caffe Grande Blend,,"Dark Chocolate, Hazelnut, Toffee",Nutty/Cocoa,RM 30,https://down-my.img.susercontent.com/file/d3aa2e8ec970d3fc019347bdae83c878.webp,,,,Unknown,Espresso,"Guatemala, Colombia, Brazil",Yes,https://shopee.com.my/Coffex-Caffe-Grande-Blend-100-Arabica-Whole-Coffee-Bean-(250g-500g)-i.63481488.6574274987
544,Coffex Coffee,Coffex Discovery Blend,,"Nutty, Toffee, Butter Cookies","Nutty/Cocoa, Sweet",RM 22,https://down-my.img.susercontent.com/file/d294797c529826ee1ed63d4d2880af7b.webp,,,,Medium,Espresso,"Brazil, Papua New Guinea, Vietnam",Yes,https://shopee.com.my/Coffex-Discovery-Blend-100-Arabica-Medium-Roast-Whole-Coffee-Bean-(250g-1kg)-i.63481488.8709180220
545,Coffex Coffee,Coffex Primo Quattro Blend,,"Orange, Chocolate, Salted Caramel","Fruity, Nutty/Cocoa, Sweet",RM 27,https://down-my.img.susercontent.com/file/sg-11134201-22100-su545kacp8hvb4.webp,,,,Unknown,Espresso,"Ethiopia, Papua New Guinea, Brazil, Indonesia",Yes,https://shopee.com.my/Coffex-Primo-Quattro-Blend-100-Arabica-Whole-Coffee-Bean-(250g-1kg)-i.63481488.6574241609
546,Coffex Coffee,Coffex Superbar,,"Dried Fruits, Toffee, Milk Chocolate","Fruity, Nutty/Cocoa, Sweet",RM 27,https://down-my.img.susercontent.com/file/my-11134207-7rash-ma0s7won21npda.webp,,,,Medium,Espresso,,Yes,https://shopee.com.my/Coffex-Superbar-Whole-Coffee-Bean-(1kg)-i.63481488.3674374446
547,Coffex Coffee,Day Traveller Blend,,"Natural sweetness in every cup, smooth and balance",Sweet,RM 17,https://down-my.img.susercontent.com/file/my-11134207-7rasj-m5awsxl0bxbd4a.webp,,,,Medium,Both,"Brazil, Papua New Guinea, Ethiopia",Yes,https://shopee.com.my/Day-Traveller-Blend-Medium-Roast-100-Arabica-Whole-Roasted-Coffee-Bean-(250g-500g)-i.63481488.27007121103
548,Coffex Coffee,Night Traveller Blend,,"Hint of smoke, bold and rich",Roasted,RM 17,https://down-my.img.susercontent.com/file/my-11134207-7rasb-m5awshzp5c2x0d.webp,,,,Dark,Espresso,"Brazil, Papua New Guinea, Ethiopia",Yes,https://shopee.com.my/Night-Traveller-Blend-Dark-Roast-100-Arabica-Whole-Roasted-Coffee-Bean-(250g-500g)-i.63481488.29957138623
549,Craft Origin,Apple Pie Espresso Blend,,"Macademia, Cinnamon, Red Apple, Coconut Milk","Spices, Fruity",RM 40,https://down-my.img.susercontent.com/file/my-11134207-820lb-mkhpzj7c5nuoc3.webp,,,,Medium,Espresso,"Brazil, Colombia",Yes,https://shopee.com.my/Craft-Origin-Apple-Pie-Espresso-Blend-250G-500G-1KG-Roasted-Bean--100-Arabica-i.961720340.20091267014
550,Craft Origin,Berrylicious Espresso Blend,,"Berries Juice , Passion Fruits , Lychee , Jasmine",Fruity,RM 44,https://down-my.img.susercontent.com/file/my-11134207-820lh-mkhpun0xfxfs59.webp,,,"Natural, Washed, Natural",Medium,Espresso,"Brazil, Colombia, Ethiopia",Yes,https://shopee.com.my/Craft-Origin-Berrylicious-Espresso-Blend-250G-500G-1KG-Roasted-Bean--100-Arabica-i.961720340.22575084567
551,Craft Origin,Brazil Cerrado,,"Nutty , Spices , Chocolate ",Nutty/Cocoa,RM 16,https://down-my.img.susercontent.com/file/my-11134207-23030-wpj5tvnzblov6f.webp,"Bourbon , Catuai",1200 masl,Natural,Unroasted,Espresso,Brazil,No,https://shopee.com.my/Craft-Origin-Brazil-Cerrado-Unroasted-Arabica-Green-Bean-i.961720340.23031472347
552,Craft Origin,Colombia Huila Pitalito,,"Pear , Grapefruit , Apple , Nuts",Fruity,RM 18,https://down-my.img.susercontent.com/file/my-11134207-23030-o8r57pnpblov90.webp,Bourbon,1300m - 1800m,Washed,Unroasted,Espresso,Colombia,No,https://shopee.com.my/Craft-Origin-Colombia-Huila-PItalito-Unroasted-Arabica-Green-Bean-i.961720340.23331472984
553,Craft Origin,Creamy Delight Espresso Blend,,"Hawthorn Candy , Ribena , Mellow Fruits","Sweet, Fruity",RM 24,https://down-my.img.susercontent.com/file/my-11134207-820l4-mkhqinhdmgw05a.webp,,,"Washed, Washed, Natural",Medium,Espresso,"Guatemala, Colombia, Ethiopia",Yes,https://shopee.com.my/Craft-Origin-Creamy-Delight-Espresso-Blend-1KG-Roasted-Bean--100-Arabica-i.961720340.16295455174
554,Craft Origin,Exotic Blend Espresso Blend,,"Maple Syrup , Cinammon , Roasted Almond , Jujube",Sweet,RM 22,https://down-my.img.susercontent.com/file/my-11134207-820ld-mkhqt77lzzlw0d.webp,,,"Natural, Washed, Washed",Medium,Espresso,"Brazil, Colombia, Indonesia",Yes,https://shopee.com.my/Craft-Origin-Exotic-Blend-Espresso-Blend-1KG-Roasted-Bean--100-Arabica-i.961720340.23375076052
555,Craft Origin,Fruits Sundae Single Origin Espresso,,"Persimmon , Raisin , Pink Guava",Fruity,RM 44,https://down-my.img.susercontent.com/file/my-11134207-820ld-mkhqq4qbrmyrb6.webp,,,Washed,Medium,Espresso,Colombia,No,https://shopee.com.my/Craft-Origin-Fruits-Sundae-Single-Origin-Espresso-250G-500G-1KG-Roasted-Bean--100-Arabica-i.961720340.22649594285
556,Craft Origin,Harmony Roast Espresso Blend,,"Dried Guava , Honey Citron , Juniper berry ","Fruity, Sweet",RM 44,https://down-my.img.susercontent.com/file/my-11134207-820lg-mkhq86muklj70f.webp,,,"Washed, Washed",Medium,Espresso,"Colombia, Guatemala",Yes,https://shopee.com.my/Craft-Origin-Harmony-Roast-Espresso-Blend-1KG-Roasted-Bean--100-Arabica-i.961720340.20682318223
557,Craft Origin,Hazelnut Kissed Espresso Blend,,"Roasted Hazelnut , Brown Sugar , Cacao","Nutty/Cocoa, Roasted, Sweet",RM 31,https://down-my.img.susercontent.com/file/my-11134207-820l7-mkhq2ryz9wjo09.webp,,,"Natural, Washed, Washed",Medium,Espresso,"Brazil, Colombia, Guatemala",Yes,https://shopee.com.my/Craft-Origin-Hazelnut-Kissed-Espresso-Blend-250G-500G-1KG-Roasted-Bean--100-Arabica-i.961720340.21691261744
558,Craft Origin,Honeyed Citrus Single Origin Espresso,,"Blueberry , Peach Jam , Jasmine , Honey",Fruity,RM 44,https://down-my.img.susercontent.com/file/my-11134207-820l8-mkhr17s5k16wa7.webp,,,Natural,Medium,Espresso,Ethiopia,No,https://shopee.com.my/Craft-Origin-Honeyed-Citrus-Single-Origin-Espresso-250G-500G-1KG-Roasted-Bean--100-Arabic-i.961720340.23975084630
559,Craft Origin,Java Fusion Espresso Blend,,"Sweet Tobacco , Milk Chocolate , Pomelo","Roasted, Nutty/Cocoa",RM 22,https://down-my.img.susercontent.com/file/my-11134207-820l9-mkhqwejcivi853.webp,,,"Washed, Washed",Medium,Espresso,"Guatemala, Indonesia",Yes,https://shopee.com.my/Craft-Origin-Java-Fusion-Espresso-Blend-1KG-Roasted-Bean--100-Arabica-i.961720340.23275083415
560,Craft Origin,Signature House Blend Summer Tropic,,"Tropical Fruits , Roasted Nuts , Milk Chocolate","Fruity, Nutty/Cocoa",RM 44,https://down-my.img.susercontent.com/file/my-11134207-820l7-mkhqnblsx1xf7d.webp,,,"Natural, Washed",Medium,Espresso,"Brazil, Colombia",No,https://shopee.com.my/Craft-Origin-Signature-House-Blend-Summer-Tropic-250G-500G-1KG-Roasted-Bean--100-Arabica-i.961720340.21875917557
561,Craft Origin,Kenya Rushaka,,"Berries, Citrus, Floral",Fruity,RM 69,https://down-my.img.susercontent.com/file/my-11134207-820li-mkkj9ht3frid40.webp,,,,Medium Light,Filter,Kenya,No,https://shopee.com.my/Craft-Origin-Single-Origin-Filter-Beans-Africa-150G-250G-Roasted-Bean--100-Arabica-i.961720340.26470736919
562,Craft Origin,Ethiopia Sidamo,,"Floral, Tangerine, Berries, Balance Sweetness, Clean",Floral,RM 69,https://down-my.img.susercontent.com/file/my-11134207-820l8-mkkjes2io4qtf7.webp,74158,,Traditional Anaerobic Slow Dry,Medium Light,Filter,Ethiopia,No,https://shopee.com.my/Craft-Origin-Single-Origin-Filter-Beans-Africa-150G-250G-Roasted-Bean--100-Arabica-i.961720340.26470736919
563,Craft Origin,Colombia Coconut,,"Coconut, Toffee, Maple Syrup, Dried Fruits, Smooth Mouthfeel","Fruity, Sweet",RM 104,https://down-my.img.susercontent.com/file/my-11134207-820ld-mkkj1r9ijochf3.webp,,,Coconut Infused Anaerobic,Medium Light,Filter,Colombia,No,https://shopee.com.my/Craft-Origin-Single-Origin-Filter-Beans-America-150G-250G-Roasted-Bean--100-Arabica-i.961720340.28970792913
564,Craft Origin,Costa Rica Mirazu,,"Apple, Tangerine, Sugar Cane, Red Tea-like",Fruity,RM 69,https://down-my.img.susercontent.com/file/my-11134207-820l8-mkhxs19mhbt05c.webp,,,,Medium Light,Filter,Costa Rica,No,https://shopee.com.my/Craft-Origin-Single-Origin-Filter-Beans-America-150G-250G-Roasted-Bean--100-Arabica-i.961720340.28970792913
565,Craft Origin,Indonesia Sumatra,,"Nutty, Caramel, Full Body",Nutty/Cocoa,RM 69,https://down-my.img.susercontent.com/file/my-11134258-820l9-ml7mijjynjewf7,,,Wet-hulling,Medium Light,Filter,Indonesia,No,https://shopee.com.my/Craft-Origin-Single-Origin-Filter-Beans-Asian-150G-250G-Roasted-Bean--100-Arabica-i.961720340.24089484455
566,Craft Origin,Yunnan Puer,,"Wine, Cherry, Mango, Cocoa finishing, High Sweetness","Sour/Fermented, Fruity",RM 53,https://down-my.img.susercontent.com/file/my-11134207-820lf-mkkjrpl08subfe.webp,Catimor,,Wine Natural,Medium Light,Filter,Yunnan,No,https://shopee.com.my/Craft-Origin-Single-Origin-Filter-Beans-Asian-150G-250G-Roasted-Bean--100-Arabica-i.961720340.24089484455
567,Craft Origin,Sweet Spices Single Origin Espresso,,"Vanilla , Peanut Butter , Pistachio , Caramel","Sweet, Nutty/Cocoa",RM 40,https://down-my.img.susercontent.com/file/my-11134207-820lc-mkhpdutpnbpg88.webp,,,Natural,Medium,Espresso,Brazil,No,https://shopee.com.my/Craft-Origin-Sweet-Spices-Single-Origin-Espresso-250G-500G-1KG-Roasted-Bean--100-Arabica-i.961720340.23449586449
568,Craft Origin,Tangerine Sunrise Espresso Blend,,"Raisin , Dried Apricot , Sweet Orange , Chamomile",Fruity,RM 44,https://down-my.img.susercontent.com/file/my-11134207-820l8-mkhqyn3cvqir27.webp,,,"Natural, Washed, Natural",Medium,Espresso,"Brazil, Colombia, Ethiopia",Yes,https://shopee.com.my/Craft-Origin-Tangerine-Sunrise-Espresso-Blend-250G-500G-1KG-Roasted-Bean--100-Arabica-i.961720340.23849589727
569,BEAM Specialty,Papua New Guinea Highlands Bourbon Washed,,"Dark Chocolate, Toasted Almond, Sweet Herbal","Sweet, Nutty/Cocoa, Green/Vegetative, Roasted",RM 34,https://beamspecialty.com/wp-content/uploads/2026/01/PNG-Washed-01.jpg,"Bourbon, Typica",1500 MASL,Washed,Dark,Espresso,Papua New Guinea,No,https://beamspecialty.com/product/papua-new-guinea-highlands-bourbon-washed/
570,BEAM Specialty,Tanzania Songwe Mbozi Nsoga PB N39 Washed,,"Red Plum, Apple Jam, Chocolate Raisin","Fruity, Nutty/Cocoa",RM 34,https://beamspecialty.com/wp-content/uploads/2026/01/Tanzania-PB-01-1.jpg,N39,1739 MASL,Washed,Medium,Both,Tanzania,No,https://beamspecialty.com/product/tanzania-songwe-mbozi-nsoga-pb-n39-washed/
571,BEAM Specialty,The Beaming Blend,,"Chocolate Vanilla, Mix Roasted Nuts, Sweet Herbal ","Sweet, Nutty/Cocoa, Roasted, Green/Vegetative",RM 34,https://beamspecialty.com/wp-content/uploads/2024/03/The-Beaming-Blend-scaled.jpg,,,Semi-Washed,Medium,Espresso,"Brazil, Colombia, Indonesia",Yes,https://beamspecialty.com/product/the-beaming-blend/
572,BEAM Specialty,The Golden Shot,,"Chocolate Cream, Cacao Nibs, Roasted Nuts ","Nutty/Cocoa, Roasted",RM 34,https://beamspecialty.com/wp-content/uploads/2024/03/The-Golden-Shot-scaled.jpg,,,Semi-Washed,Dark,Espresso,"Brazil, Indonesia",Yes,https://beamspecialty.com/product/the-golden-shot/
573,BEAM Specialty,The Healer,,"Chocolate Cream, Sultana Raisin, Roasted Almond ","Fruity, Nutty/Cocoa, Roasted",RM 34,https://beamspecialty.com/wp-content/uploads/2024/03/The-Healer-scaled.jpg,,,Washed,Dark,Espresso,"Brazil, Yunnan",Yes,https://beamspecialty.com/product/the-healer/
574,Decrypt Coffee Roaster,Brazil Carrancas Microlot,,"Oat milk fragrance, pecan-like nuttiness, creamy body, low acidity.","Nutty/Cocoa, Sweet",RM 40,,Yellow Bourbon,"1,000 MASL",Natural,Unknown,Both,Brazil,No,https://decryptcoffee.com/products/brazil-carrancas-microlot
575,Decrypt Coffee Roaster,Brazil Castanhas Do Brazil,,"Black: Nutty, Milk Chocolate, Dried Fruit, Creamy; Latte: Peanut Candy, Toffee, Chocolate Praline, Biscoff.",Nutty/Cocoa,RM 45,,"Mundo Novo, Catuai","900 - 1,100 M",Natural (Mixed Natural),Medium-Dark,Both,Brazil,No,https://decryptcoffee.com/products/brazil-castanhas-do-brazil
576,Decrypt Coffee Roaster,"Brazil Espinho Microlot, Paraiso",,"Ripe grape, lively apple-like acidity, touch of nuttiness.",Fruity,RM 40,,Paraiso (Yellow Catuai x Timor hybrid),"950 - 1,150 masl",Natural,Medium,Both,Brazil,No,https://decryptcoffee.com/products/brazil-espinho-microlot-paraiso
577,Decrypt Coffee Roaster,Colombia Finca Amigos Geisha,,"Coffee Flower, Mandarin, Green Apple, Chamomile Tea, soft bergamot.",Fruity,RM 70,,Geisha,1970masl,Washed,Unknown,Both,Colombia,No,https://decryptcoffee.com/products/colombia-finca-amigos-geisha?variant=49419534500033
578,Decrypt Coffee Roaster,Colombia Finca La Luisa Strawberry,,"Strawberry jam, red apple, rose petal, creamy sweetness, fruit compote, vanilla cream.",Fruity,RM 80,,Caturra,"1,600 – 1,750 masl",Strawberry Fermentation Honey,Medium Light,Both,Colombia,No,https://decryptcoffee.com/products/colombia-finca-la-luisa-strawberry?variant=49629107126465
579,Decrypt Coffee Roaster,Costa Rica Los Tucanes Don Mayo Geisha,,"Red berries, fruit candy, subtle floral, honey sweetness, wildflowers, citrus zest.",Fruity,RM 95,,Geisha,"1,800 – 2,000 masl",Red Honey,Medium Light,Both,Costa Rica,No,https://decryptcoffee.com/products/colombia-huila-el-silencio-red-pink-bourbon-copy?variant=49629056762049
580,Decrypt Coffee Roaster,Colombia Huila El Silencio Red Pink Bourbon,,"Cherry, red grape, molasses, blood orange, gentle floral.",Fruity,RM 65,,Pink Bourbon,"1,700 – 2,200 masl",Washed (dual-phase fermentation),Unknown,Both,Colombia,No,https://decryptcoffee.com/products/colombia-huila-el-silencio-red-pink-bourbon?variant=49567667945665
581,Decrypt Coffee Roaster,Colombia La Piragua Alexander Vargas Pink Bourbon,,"Dried cranberries, grapefruit, tangerine, floral finish, honey undertones.",Fruity,RM 50,,Pink Bourbon,"1,750 – 1,900 masl",Washed,Medium Light,Filter,Colombia,No,https://decryptcoffee.com/products/colombia-la-piragua-alexander-vargas-pink-bourbon?variant=49629081895105
582,Decrypt Coffee Roaster,Colombia Wuchii Cauca Popayan Reserve,,"Dark Caramel, Roasted Almond, Cocoa Nibs, Gentle Citrus Lift.","Sweet, Roasted, Nutty/Cocoa",RM 45,,Caturra / Castillo / Colombia,"1,700–1,900 masl",Washed,Medium-Dark,Both,Colombia,No,https://decryptcoffee.com/products/colombia-wuchii-cauca-popayan-reserve?variant=49743250489537
583,Decrypt Coffee Roaster,Costa Rica Brunca Rivense El Mango,,"Dried Fruits, Hazelnut Cocoa, Black Tea.","Fruity, Nutty/Cocoa, Floral",RM 50,,,,Black Honey,Unknown,Both,Costa Rica,No,https://decryptcoffee.com/products/costa-rica-brunca-rivense-el-mango?variant=49576995225793
584,Decrypt Coffee Roaster,Costa Rica Canet Musician Mozart,,"Muscat grape, kiwi, strawberry, complex florals, lingering fruit sweetness.",Fruity,RM 65,,Caturra / Catuai,"1,600 – 1,900 masl",Raisin Honey,Unknown,Both,Costa Rica,No,https://decryptcoffee.com/products/costa-rica-canet-musician-mozart?variant=49567639011521
585,Decrypt Coffee Roaster,Costa Rica San Ramon Hummingbird,,"Grape, apple, blueberry jam, black tea, durian-like richness (with milk), jackfruit-like ripeness.",Fruity,RM 50,,"Caturra, Catuai",1700M,Natural (Sun-dried),Unknown,Both,Costa Rica,No,https://decryptcoffee.com/products/costa-rica-san-ramon-hummingbird?variant=49487561326785
586,Decrypt Coffee Roaster,Dark Chocolate Blend,,"Toffee, Dark Chocolate, Pecan.","Sweet, Nutty/Cocoa",RM 40,,,,,Unknown,Both,,Yes,https://decryptcoffee.com/products/cotton-candy-blend-copy?variant=49495421550785
587,Decrypt Coffee Roaster,Cotton Candy Blend,,"Berries, chocolate, roasted almonds, caramel sweetness; with milk: butterscotch, cotton candy, milk tea.","Fruity, Nutty/Cocoa, Roasted",RM 40,,,,,Medium-Dark,Both,"Brazil, Guatemala, Ethiopia",Yes,https://decryptcoffee.com/products/cotton-candy-blend?variant=49495411982529
588,Decrypt Coffee Roaster,El Salvador El Borbollon,,"Chocolate, Dolce, Hazelnut.",Nutty/Cocoa,RM 45,,,High elevations,,Unknown,Both,El Salvador,No,https://decryptcoffee.com/products/el-salvador-el-borbollon?variant=49918120034497
589,Decrypt Coffee Roaster,Ethiopia Gedeo Yirgacheffe Konga Amederaro G1,,"Wild berries, blood orange, green grape, black tea with long finish.",Fruity,RM 55,,Ethiopian Heirloom / Local landraces (incl. JARC selections),"~2,000 masl",Washed,Unknown,Both,Ethiopia,No,https://decryptcoffee.com/products/ethiopia-gedeo-yirgacheffe-konga-amederaro-g1?variant=49567690162369
590,Decrypt Coffee Roaster,Ethiopia Kayon Mountain Lot 40,,"Mango, Blueberries, Mandarin.",Fruity,RM 55,,"74110, 74112","1,900–2,200 masl",Natural,Unknown,Both,Ethiopia,No,https://decryptcoffee.com/products/ethiopia-kayon-mountain-lot-40?variant=49828684431553
591,Decrypt Coffee Roaster,Ethiopia Lucy Geisha (Washed),,"Elderflower, Jasmine, Coffee Blossom, Apple, Passionfruit, Lemon.","Floral, Fruity",RM 60,,Geisha,2280 masl,Washed,Light,Both,Ethiopia,No,https://decryptcoffee.com/products/ethiopia-lucy-geisha-washed?variant=49491047645377
592,Decrypt Coffee Roaster,Ethiopia Uraga Nigusse Nare Murango Lot Q,,"Prune, Concord Grape, Lingon Berries.",Fruity,RM 55,,"74158, 74112","2,100 MASL",Natural,Medium Light,Both,Ethiopia,No,https://decryptcoffee.com/products/ethiopia-uraga-nigusse-nare-murango-lot-q?variant=49828679745729
593,Decrypt Coffee Roaster,Berry Gummy Blend,,"Vibrant citrus, floral tea-like notes, ripe berries, jammy sweetness, tropical fruit depth.","Fruity, Floral",RM 45,,,,"Washed, Natural",Unknown,Espresso,Ethiopia,Yes,https://decryptcoffee.com/products/fruity-ethiopia-blend
594,Decrypt Coffee Roaster,Ethiopia Guji Urabeast G1,,"Red currant, grape, tea-like finish.",Fruity,RM 55,,"Ethiopian Heirloom (including JARC 74110, 74112)","2,100 – 2,300 masl",Washed,Unknown,Filter,Ethiopia,No,https://decryptcoffee.com/products/ethiopia-guji-urabeast-g?variant=49567717884097
595,Decrypt Coffee Roaster,Guatemala Antigua SHB,,"Sweet citrus, red apple, milk chocolate.","Fruity, Sweet",RM 45,,Caturra,1500 M,Washed,Unknown,Both,Guatemala,No,https://decryptcoffee.com/products/guatemala-huehuetenango-melting-chocolate?variant=49494880616641
596,Decrypt Coffee Roaster,Honeycomb Coconut Blend,,"Honeycomb, Coconut Sugar, Caramel Milk.",Sweet,RM 60,,,,,Unknown,Both,"Ethiopia, Colombia",Yes,https://decryptcoffee.com/products/honeycomb-coconut-blend?variant=49828695539905
597,Decrypt Coffee Roaster,Malaysia Sabah Ranau,,"Guava, Pineapple, Passionfruits, Mulberry, hints of wine.",Fruity,RM 65,,Catimor,1500M,Anaerobic Natural,Unknown,Both,Malaysia,No,https://decryptcoffee.com/products/malaysia-sabah-ranau-anaerobic-natural?variant=49495237066945
598,Decrypt Coffee Roaster,Nutty Caramel Blend,,"Nutty, Chocolate, Caramel.",Nutty/Cocoa,RM 40,,,,,Medium-Dark,Both,"Brazil, Colombia, Guatemala",Yes,https://decryptcoffee.com/products/nutty-caramel-blend?variant=49495428759745
599,Decrypt Coffee Roaster,Panama Boquete Elida ASD Catuai,,"Tropical fruit, sweet orange, dried pineapple, fruit liqueur, berry sweetness, cherry-chocolate.","Fruity, Sweet",RM 80,,Catuai,"1,670 – 1,825 masl",ASD (Anaerobic Slow Dry) Natural,Unknown,Both,Panama,No,https://decryptcoffee.com/products/panama-boquete-elida-catuai?variant=49567728140481
600,Decrypt Coffee Roaster,Panama Janson Geisha Lot 359,,"Green apple, sencha tea, cantaloupe, floral, sweet finish.",Fruity,RM 145,,Green Tip Geisha,"1,800 m",Washed,Unknown,Both,Panama,No,https://decryptcoffee.com/products/panama-janson-geisha-lot-359?variant=49495407263937
601,Decrypt Coffee Roaster,Panama Mama Cata Irma Geisha (Natural),,"Floral, Peach, Berries, Stone fruits, Melon.","Floral, Fruity",RM 85,,Geisha,1500-1700m,Natural,Light,Both,Panama,No,https://decryptcoffee.com/products/panama-mama-cata-irma-geisha-natural?variant=50010115637441
602,Decrypt Coffee Roaster,Panama Mama Cata Irma Geisha (Washed),,"Jasmine, honeydew melon, grapefruit, white grape, and Jin Xuan oolong tea.","Floral, Sweet",RM 80,,Geisha,1500-1700m,Washed,Light,Both,Panama,No,https://decryptcoffee.com/products/panama-mama-cata-irma-geisha-washed?variant=49495353131201
603,Decrypt Coffee Roaster,Peru Los Santos Geisha (Honey),,"Floral, Berry, Peach, Lychee sweetness.","Floral, Fruity",RM 80,,Geisha,"1,700 – 1,900 masl",Honey,Unknown,Both,Peru,No,https://decryptcoffee.com/products/peru-los-santos-geisha-honey?variant=49567645532353
604,Decrypt Coffee Roaster,Peru Los Santos Geisha (Washed),,"Floral, citrus blossom, bergamot, honey sweetness, tea-like body.","Floral, Fruity",RM 80,,Geisha,"1,700 – 1,900 masl",Washed,Unknown,Both,Peru,No,https://decryptcoffee.com/products/peru-los-santos-washed-geisha?variant=49567592710337
605,Decrypt Coffee Roaster,Strawberry Milkshake Blend,,"Strawberry Jam, Rose Tea, Blueberry Mousse.","Fruity, Floral",RM 60,,,,Natural and Yeast-fermented Washed,Unknown,Both,"Ethiopia, Colombia",Yes,https://decryptcoffee.com/products/strawberry-milkshake-blend?variant=49920367427777
606,Cofa Coffee,Aceh Gayo Ratawali G1 TP,,"Floral, Grapefruit, Chocolate","Floral, Fruity, Nutty/Cocoa",RM 68,https://cofastore.com.my/wp-content/uploads/2022/11/ACEH-GAYO-1.jpg,,,Wet Hulled,Medium-Dark,Both,Indonesia,No,https://cofastore.com.my/product/aceh-gayo-ratawali-g1-tp/
607,Cofa Coffee,Brazil Santos,,"Cinnamon, Toasted Nuts, Brown Sugar","Spices, Roasted, Nutty/Cocoa, Sweet",RM 50,https://cofastore.com.my/wp-content/uploads/2021/11/SHOPEE-COVERS-copy-1-3-scaled.jpg,,,Natural,Medium,Both,Brazil,No,https://cofastore.com.my/product/brazil-santos-2/
608,Cofa Coffee,Colombia Supremo,,"Hazelnut, Maple Syrup, Chocolate","Nutty/Cocoa, Sweet",RM 52,https://cofastore.com.my/wp-content/uploads/2021/11/COLOMBIA-SUPREMO-1.jpg,,,Washed,Medium,Both,Colombia,No,https://cofastore.com.my/product/colombia-supremo/
609,Cofa Coffee,Dark Ultimate,,"Toasted nuts, Dark chocolate, Caramel sweetness","Roasted, Nutty/Cocoa, Sweet",RM 46,https://cofastore.com.my/wp-content/uploads/2020/12/DARK.jpg,,,"Washed, Dry",Medium-Dark,Espresso,"Vietnam, Brazil, Indonesia",Yes,https://cofastore.com.my/product/dark-ultimate/
610,Cofa Coffee,El Salvador Red Bourbon,,"Floral aromatics, Fruity brightness, Gentle nutty finish","Floral, Fruity, Nutty/Cocoa",RM 70,https://cofastore.com.my/wp-content/uploads/2025/12/COFASTORE-81-scaled.jpg,,,Washed,Medium Light,Filter,El Salvador,No,https://cofastore.com.my/product/el-salvador-red-bourbon/
611,Cofa Coffee,Ethiopia Sidamo,,"Floral, Lemon, Black Tea","Floral, Fruity",RM 58,https://cofastore.com.my/wp-content/uploads/2021/11/SHOPEE-COVERS-Recovered-09-scaled.jpg,,,Wash Processed,Medium Light,Filter,Ethiopia,No,https://cofastore.com.my/product/ethiopia-sidamo/
612,Cofa Coffee,Fruity Deluxe,,"Berries, Tangerine, Wine","Fruity, Sour/Fermented",RM 53,https://cofastore.com.my/wp-content/uploads/2021/12/FRUITY.jpg,,,Wash processed,Medium,Both,"Colombia, Yunnan",Yes,https://cofastore.com.my/product/fruity-deluxe/
613,Cofa Coffee,Guatemala Antigua Parcaya,,"Black Tea, Berries, Hazelnut","Floral, Fruity, Nutty/Cocoa",RM 48,https://cofastore.com.my/wp-content/uploads/2021/11/FINAL-COFASTORE-4-scaled.jpg,,,Wash Processed,Medium Light,Both,Guatemala,No,https://cofastore.com.my/product/guatemala-antigua-parcaya/
614,Cofa Coffee,Honduras,,"Lemon, Fruity, Roast Nut","Fruity, Roasted, Nutty/Cocoa",RM 68,https://cofastore.com.my/wp-content/uploads/2026/03/TASTE-NOTE-HONDURAS-SHOPEE-08.jpg-scaled.jpeg,,,Natural,Medium,Both,Honduras,No,https://cofastore.com.my/product/honduras/
615,Cofa Coffee,Java Robusta EK,,"Dark Chocolate, Nutty",Nutty/Cocoa,RM 36,https://cofastore.com.my/wp-content/uploads/2021/11/JAVA-ROBUSTA.jpg,,,Dry Processed,Medium-Dark,Both,Indonesia,No,https://cofastore.com.my/product/java-robusta-ek/
616,Cofa Coffee,Kenya Kiambu,,"Herbal undertones, Caramel sweetness, Berry","Green/Vegetative, Sweet, Fruity",RM 62,https://cofastore.com.my/wp-content/uploads/2022/07/FINAL-COFASTORE-scaled.jpg,,,Washed,Medium Light,Filter,Kenya,No,https://cofastore.com.my/product/kenya-kiambu/
617,Cofa Coffee,Panama Abu,,"Kiwi, Pineapple, Honey","Fruity, Sweet",RM 120,https://cofastore.com.my/wp-content/uploads/2026/03/PANAMA-ABU.png,,,Natural,Light,Both,Panama,No,https://cofastore.com.my/product/panama-abu/
618,Cofa Coffee,Panama Santa Teresa,,"Grape, Rose, Berries","Fruity, Floral",RM 96,https://cofastore.com.my/wp-content/uploads/2021/11/PANAMA-2.jpg,,,Natural,Medium Light,Filter,Panama,No,https://cofastore.com.my/product/panama-santa-teresa/
619,Cofa Coffee,Safari Blend,,"Peanut, Caramel, Chamomile","Nutty/Cocoa, Sweet, Floral",RM 51,https://cofastore.com.my/wp-content/uploads/2021/12/SAFARI-1.jpg,,,"Washed, Dry",Medium,Espresso,"Brazil, Guatemala, Indonesia",Yes,https://cofastore.com.my/product/safari-blend/
620,Cofa Coffee,Signature Blend,,"Berries, Cocoa, Caramel","Fruity, Nutty/Cocoa, Sweet",RM 51,https://cofastore.com.my/wp-content/uploads/2021/11/SIGNATURE.jpg,,,"Washed, Dry",Medium,Both,"Brazil, Indonesia, Colombia",Yes,https://cofastore.com.my/product/signature-blend/
621,Cofa Coffee,Sumatra Gayo Specialty Wine Process,,"Caramel, Pineapple, Blackberry","Sweet, Fruity",RM 85,https://cofastore.com.my/wp-content/uploads/2022/08/SUMATRA-GAYO-1.jpg,,,Wine Processed,Medium-Dark,Filter,Indonesia,No,https://cofastore.com.my/product/sumatra-gayo-specialty/
622,Cofa Coffee,Sumatra Mandheling Grade 1 TP,,"Chocolate, Liquorice",Nutty/Cocoa,RM 52,https://cofastore.com.my/wp-content/uploads/2021/11/sumatra-mandheling-1.jpg,,,Wet Hull Processed,Medium,Both,Indonesia,No,https://cofastore.com.my/product/sumatra-mandheling-grade-1/
623,Cofa Coffee,Uganda Bugishu AA,,"Smooth chocolate, Toasted walnut, Vanille, Ripe berries","Nutty/Cocoa, Roasted, Sweet, Fruity",RM 50,https://cofastore.com.my/wp-content/uploads/2025/03/FINAL-COFASTORE.jpg,,,Fully washed,Medium,Filter,Uganda,No,https://cofastore.com.my/product/uganda-bugishu-aa/
624,Cofa Coffee,Vietnam Cartimo,,"Nutty, Molasses, Chocolate","Nutty/Cocoa, Sweet",RM 46,,,,Washed,Medium,Both,Vietnam,No,https://cofastore.com.my/product/vietnam-cartimo/
625,Cofa Coffee,Vietnam Pea Berry Robusta,,"Oak wood, Roasted chestnut, Dark chocolate","Roasted, Nutty/Cocoa",RM 40,https://cofastore.com.my/wp-content/uploads/2025/03/VIETNAM-ROBUSTA.jpg,,,Natural unwashed,Medium-Dark,Both,Vietnam,No,https://cofastore.com.my/product/vietnam-pea-berry-robusta/
626,Cofa Coffee,Yunnan Cartimo AA Double Anaerobic,,"Floral, Chamomile, Tangerine","Floral, Fruity",RM 59,https://cofastore.com.my/wp-content/uploads/2022/08/YUNNAN.jpg,,,Double Anaerobic,Medium Light,Filter,Yunnan,No,https://cofastore.com.my/product/yunnan-cartimo-aa/
627,Cofa Coffee,Yunnan Yellow Bourbon,,"Orange, Floral, Intense Sweetness","Fruity, Floral, Sweet",RM 71,https://cofastore.com.my/wp-content/uploads/2025/12/COFASTORE-101-scaled.jpg,,,Natural,Medium,Filter,Yunnan,No,https://cofastore.com.my/product/yunnan-yellow-bourbon/
628,Tatih Roastworks,BRAZIL CERRADO,,"Honey, Caramel, Peanut Butter","Sweet, Nutty/Cocoa",RM 30,https://cdn.store-assets.com/s/1328774/i/98851928.png,,,,Medium,Both,Brazil,No,https://tatihroastworks.easy.co/products/brazil-cerrado-pulped-natural
629,Tatih Roastworks,COLOMBIA INZA WUCHI,,"Orange, Raspberries, Milk Chocolate","Fruity, Nutty/Cocoa",RM 30,https://cdn.store-assets.com/s/1328774/i/98851882.png,,,"enhances clarity and structure, resulting in a cup that is approachable, consistent, and versatile across brew methods. In the cup, it opens with bright orange acidity, followed by juicy raspberry sweetness. A smooth milk chocolate note rounds out the profile, giving a balanced body and a soft, comforting finish that makes it equally enjoyable as filter or espresso",Medium,Both,Colombia,No,https://tatihroastworks.easy.co/products/colombia-supremo-fully-washed
630,Tatih Roastworks,EL SALVADOR FINCA LIMA,,"Fuji Apple, Tangerine, Caramel","Fruity, Nutty/Cocoa",RM 30,https://cdn.store-assets.com/s/1328774/i/101596473.png,,,Fully Washed,Medium,Espresso,El Salvador,No,https://tatihroastworks.easy.co/products/ethiopia-buku-sayisa-natural-1-1-1
631,Tatih Roastworks,ETHIOPIA BUKU SAYISA TIKUYA,,"Nectarine, Rock Melon, Coffee Blossom",Sweet,RM 30,https://cdn.store-assets.com/s/1328774/i/98850286.png,,,Fully Washed,Medium,Both,Ethiopia,No,https://tatihroastworks.easy.co/products/ethiopia-buku-sayisa-natural-1
632,Tatih Roastworks,HONDURAS COPAN DEL REY,,"Stone Fruits, Milk Chocolate, Hazelnuts","Fruity, Nutty/Cocoa",RM 30,https://cdn.store-assets.com/s/1328774/i/99032075.png,,,Fully Washed,Medium,Espresso,Honduras,No,https://tatihroastworks.easy.co/products/honduras-copan-del-ray
633,Tatih Roastworks,INDONESIA MANDHELING GILBAS,,"Red Apple, Raspberries, Cinnamon","Fruity, Spices",RM 30,https://cdn.store-assets.com/s/1328774/i/98851898.png,,,Wet Hulled,Medium,Both,Indonesia,No,https://tatihroastworks.easy.co/products/indonesia-sumatra-mandheling-wet-hulled
634,Tatih Roastworks,DIAN BLEND,,"Caramel, Red Apples, Milk Chocolate","Sweet, Nutty/Cocoa",RM 30,https://cdn.store-assets.com/s/1328774/i/97308934.png,,,"Pulped Natural, Wet Hulled",Medium,Espresso,"Brazil, Indonesia",Yes,https://tatihroastworks.easy.co/products/dian-signature-blend
635,Tatih Roastworks,MAWAR BLEND,,"Pink Guava, Marmalade, Morning Glory","Floral, Fruity",RM 30,https://cdn.store-assets.com/s/1328774/i/97308809.png,,,"Wet Hulled, Fully Washed",Medium,Espresso,"Indonesia, Colombia",Yes,https://tatihroastworks.easy.co/products/mawar-blend-seasonal-espresso-blends
636,Tatih Roastworks,MAYA BLEND,,"Honey, Hazelnut, Tangerine","Sweet, Nutty/Cocoa",RM 30,https://cdn.store-assets.com/s/1328774/i/97308956.png,,,"Pulped Natural, Fully Washed",Medium,Espresso,"Colombia, Brazil",Yes,https://tatihroastworks.easy.co/products/maya-signature-blend
637,Tatih Roastworks,ROMA BLEND,,"Starfruit, Tropical Fruits, Cacao Nibs","Fruity, Nutty/Cocoa",RM 30,https://cdn.store-assets.com/s/1328774/i/102497147.jpeg,,"clarity and sun-dried sweetness. This blend is a masterclass in balance, meticulously crafted to bridge the gap between the clean, crisp profiles of Central America and the wild, fruit-forward intensity of East Africa. The Composition We’ve paired two contrasting processes to create a multi-dimensional flavor profile: 50% Honduras (Washed Process): Provides the ""spine"" of the blend. The washed process ensures a clean, sparkling body and highlights the deep, chocolatey structure of the cacao notes. 50% Ethiopia (Natural Process): Adds the ""soul"" and sweetness. By drying the coffee cherry whole, we’ve preserved the intense sugars that translate into those unmistakable tropical and stone fruit characteristics. From the first sip, ROMA BLEND greets you with a bright, crystalline acidity reminiscent of starfruit . As the cup warms, it unfolds into a lush medley of tropical fruits —think mango and pineapple sweetness—all grounded by a sophisticated, velvet-like finish of cacao nibs . It is a vibrant, complex coffee that remains approachable whether brewed as a pour-over or a bright, modern espresso. Primary Notes : Starfruit, Tropical Fruits, Cacao Nibs Acidity : Bright & Citric Body : Medium, Silky","Washed, Natural",Medium,Espresso,"Ethiopia, Honduras",Yes,https://tatihroastworks.easy.co/products/roma-blend
638,Thunder Bean,Colombia Tolima Natural,,"Wine, Orange, Honeydew","Fruity, Floral, Nutty/Cocoa",RM 42,https://cdn.shopify.com/s/files/1/0715/7612/5665/files/COLOMBIA-TOLIMA.png?v=1766734702,,"1,800 - 2,000m",Natural,Medium,Both,Colombia,No,https://www.thunderbean.life/products/colombia-tolima-natural
639,Thunder Bean,Ethiopia Daye Bensa Arsi,,"Floral, Berries, Orange","Floral, Fruity",RM 45,https://cdn.shopify.com/s/files/1/0715/7612/5665/files/EthiopiaDayeBensa.png?v=1772777443,,,Washed,Medium Light,Both,Ethiopia,No,https://www.thunderbean.life/products/ethiopia-daye-bensa
640,Thunder Bean,Ethiopia Kayon Lot 40,,"Mango, Orange, Tropical",Fruity,RM 39,https://cdn.shopify.com/s/files/1/0715/7612/5665/files/Ethiopia-Kayon-Lot40.png?v=1776864521,,,Natural,Medium Light,Both,Ethiopia,No,https://www.thunderbean.life/products/ethiopia-kayon-lot-40
641,Thunder Bean,Indonesia Kerinci Kayu Aro,,"Honeydew, Ginger, Sweet","Fruity, Sweet",RM 38,https://cdn.shopify.com/s/files/1/0715/7612/5665/files/INDONESIA-KERINCHI.png?v=1766767527,Mix Andungsari & Sigarutang,1600 masl,Natural,Medium Light,Both,Indonesia,No,https://www.thunderbean.life/products/indonesia-kerinci-kayu-aro
642,Thunder Bean,Kenya Nyeri Ndiani C,,"Floral, Orange, Blackcurrant","Floral, Fruity",RM 41,https://cdn.shopify.com/s/files/1/0715/7612/5665/files/KenyaNdianiC.png?v=1772777759,,,Washed,Medium,Both,Kenya,No,https://www.thunderbean.life/products/kenya-nyeri
643,Thunder Bean,Rwanda Gitega Lot 48,,"Cherry, Chocolate, Plum","Fruity, Nutty/Cocoa",RM 41,https://cdn.shopify.com/s/files/1/0715/7612/5665/files/Rwanda-Gitega-48.png?v=1776863885,,,Natural,Medium Light,Both,Rwanda,No,https://www.thunderbean.life/products/rwanda-gitega-lot-48
644,Mama Typica,"Indonesia, Aurora Dew ""Magenta"" (150g)",,"Jasmine, White Peach, Dried Apricot",Floral,RM 106,https://mamatypica.com/cdn/shop/files/AD_Magenta.png?v=1754535533,"Abbysinnia 3, Red Bourbon",1350-1450 MASL,Jasmine Yeast Inoculated,Unknown,Both,Indonesia,No,https://mamatypica.com/products/aurora-dew-magenta
645,Mama Typica,"Ethiopia, Buku Hurufa, Natural (150g)",,"Blueberry, Vanilla Ice Cream, Ginger, Coffee Blossom",Fruity,RM 92,https://mamatypica.com/cdn/shop/files/hurufa.png?v=1754535575,"JARC 74110, JARC 74112, JARC 74158","2,120 meters above sea level",Natural,Unknown,Both,Ethiopia,No,https://mamatypica.com/products/ethiopia-buku-hurufa
646,Mama Typica,"Ethiopia, Guji Hambela G1 Natural",,"Guava, Sweet Berries, Juicy Finish","Fruity, Sweet",RM 47,https://mamatypica.com/cdn/shop/files/GujiHambela.png?v=1770797341,"JARC, Local Landraces","1,900 - 2,100 MASL",Natural,Unknown,Both,Ethiopia,No,https://mamatypica.com/products/ethiopia-sidamo-bensa-g1-natural-copy
647,Mama Typica,"Honduras, San Pablo Washed (150g)",,"Mandarin Orange, Orange Blossom, Herbal tea, Prune",Fruity,RM 92,https://mamatypica.com/cdn/shop/files/pablo.png?v=1754535062,Parainema,1050 - 1120 M.A.S.L.,Washed,Unknown,Both,Honduras,No,https://mamatypica.com/products/honduras-san-pablo
648,Mama Typica,"Indonesia, Bener Meriah Classic (150g)",,"Vanilla, Blackcurrant, Raspberry, White Chocolate","Sweet, Fruity",RM 92,https://mamatypica.com/cdn/shop/files/BenerMeriah_7531ea43-e63e-4d2a-998a-d2ceaddabf29.png?v=1754535451,Abbysinnia 3 & Red Bourbon,1350-1450 MASL,Classic natural,Unknown,Filter,Indonesia,No,https://mamatypica.com/products/indonesia-aceh-bener-meriah-natural-150g
649,Mama Typica,"Indonesia, Aurora Dew ""Cassis"" (150g)",,"Grape Bubblegum, Brown Sugar, Jasmine","Fruity, Sweet",RM 105,https://mamatypica.com/cdn/shop/files/AD_Cassis.png?v=1762397044,"Abbysinnia 3, Red Bourbon",1350-1450 MASL,Blueberry Yeast Inoculated,Unknown,Both,Indonesia,No,https://mamatypica.com/products/indonesia-aurora-dew-cassis-150g
650,Mama Typica,"Indonesia, Aurora Dew ""Midori"" (150g)",,"Sweet Melon, Yoghurt Milk, Honey Pollen",Fruity,RM 105,https://mamatypica.com/cdn/shop/files/AD_Midori.png?v=1754535418,"Abbysinnia 3, Red Bourbon",1350-1450 MASL,Melon Yeast Inoculated,Unknown,Both,Indonesia,No,https://mamatypica.com/products/indonesia-aurora-dew-midori
651,Mama Typica,"Indonesia, Aurora Dew ""Momo"" (150g)",,"White Peaches, White Chocolate, Stewed Pears","Fruity, Nutty/Cocoa",RM 105,https://mamatypica.com/cdn/shop/files/AD_Momo.png?v=1754535391,"Abbysinnia 3, Red Bourbon",1350-1450 MASL,Peach Yeast Inoculated,Unknown,Both,Indonesia,No,https://mamatypica.com/products/indonesia-aurora-dew-momo
652,Mama Typica,"Kenya, Mahiga AA, Washed (150g)",,"Cranberry, Cacao, Orange, Limequats","Fruity, Nutty/Cocoa",RM 92,https://mamatypica.com/cdn/shop/files/mahiga.png?v=1754535485,"SL28, SL34, Ruiru 11",1813 MASL,Wet/ Washed,Unknown,Both,Kenya,No,https://mamatypica.com/products/kenya-mahiga-aa
653,Mama Typica,Kindle Blend,,"Hazelnut, Milk Chocolate, Sweet Cherry, Marshmallow, Cotton Candy",Nutty/Cocoa,RM 52,https://mamatypica.com/cdn/shop/files/Kindle-7.png?v=1767602529,"Brazil (Catuai, Mundo Novo Obata, Icatu, Bourbon), Ethiopia (JARC, Local Landraces)","800 - 1,300 MASL (Brazil), 1,900 - 2,100 MASL (Ethiopia)",Natural,Unknown,Espresso,"Brazil, Ethiopia",Yes,https://mamatypica.com/products/kindle-blend
654,Mama Typica,Mirage Blend,,"Smooth honey sweetness, floral undertones, rich dark chocolate, roasted cacao, buttery shortbread, apple strudel finish","Sweet, Floral",RM 44,https://mamatypica.com/cdn/shop/files/Mirage5.png?v=1770798166,"Brazil (Mundo Novo, Catuai), Ethiopia (JARC, Local Landraces)","950+ MASL (Brazil), 1,900+ MASL (Ethiopia)","Aerobic Fermentation (Brazil), Natural (Ethiopia)",Unknown,Espresso,"Brazil, Ethiopia",Yes,https://mamatypica.com/products/mirage-blend
655,Mama Typica,"Nicaragua, Finca Dora Parainema Natural",,"Plum, Candied Orange, Almond Chocolate Milk","Fruity, Nutty/Cocoa",RM 55,https://mamatypica.com/cdn/shop/files/Dora.jpg?v=1754533978,Parainema,"1,050 M.A.S.L",Natural,Unknown,Both,Nicaragua,No,https://mamatypica.com/products/nicaragua-finca-dora-parainema-natural
656,Mama Typica,"Peru, Huabal Huancas Natural",,"Vanilla Ice Cream, Blueberry, Sour Mango, Hazelnut","Sweet, Fruity",RM 55,https://mamatypica.com/cdn/shop/files/huabalhuancas.jpg?v=1754533948,Caturra,1840 M.A.S.L.,Natural,Unknown,Espresso,Peru,No,https://mamatypica.com/products/peru-huabal-huancas
657,Mama Typica,"Peru, Huabal Huancas Natural (150g)",,"Dried Mango, Pomelo, Chocolate Praline, Black Cherry","Fruity, Nutty/Cocoa",RM 92,https://mamatypica.com/cdn/shop/files/huabal_38673caf-4d59-4421-908d-e8c1f40a1c67.png?v=1754535146,Caturra,1840 M.A.S.L.,Natural,Unknown,Filter,Peru,No,https://mamatypica.com/products/peru-huabal-huancas-natural
658,Mama Typica,Two Tropics Blend,,"Hazelnut, Cocoa, Roasted Nuts",Nutty/Cocoa,RM 55,https://mamatypica.com/cdn/shop/files/TTBlend_31367dd5-047f-4ebe-bba7-1fdf68525aed.png?v=1757582595,"Brazil (Yellow Bourbon), Indonesia (Jember, Ateng, Bourbon, Bergandaal)","950 - 1,000 MASL (Brazil), 1,200 - 1,300 MASL (Indonesia)","Natural (Brazil), Wet Hulled (Indonesia)",Unknown,Espresso,"Brazil, Indonesia",Yes,https://mamatypica.com/products/twotropicsblend
659,Mama Typica,"Indonesia, Kevenka Ijen",,"Juicy, Overripe Plum, Prune, Milk Chocolate, Yoghurt (with milk)","Fruity, Nutty/Cocoa",RM 47,https://cdn.shopify.com/s/files/1/0564/5762/5698/files/INDONESIAKEVENKAIJEN_aec9ac46-f773-4b13-9225-22f2aac1bdbb.png?v=1776674303,"Kartika, Typica, Lini S795 ☕","slows cherry development, naturally building deeper sweetness and fuller","ed using the natural method, the coffee is sun-dried in whole cherry form to preserve fruit intensity and create a more",Unknown,Espresso,Indonesia,No,https://mamatypica.com/products/indoneisa-kevenkaijen
660,Tubby Coffee,Brando Espresso Blend,,"Toffee, Chocolate, Vanilla",Sweet,RM 52,https://cdn.store-assets.com/s/1416711/i/92620407.png,,,"Natural, Wet-hulled",Medium-Dark,Espresso,"Brazil, Indonesia",Yes,https://tubbycoffee.co/products/brando-espresso-blend
661,Tubby Coffee,Ethiopia Suke Kuto,,"Kyoho Grape, Red Cherry, Purple Flower","Fruity, Floral",RM 65,https://cdn.store-assets.com/s/1416711/i/96486165.png,,,Washed,Medium,Filter,Ethiopia,No,https://tubbycoffee.co/products/ethiopia-suke-kuto-filter-coffee
662,Tubby Coffee,Brazil & Uganda Blend,,"Chocolate, Raisin, Mixed Berry Jam","Nutty/Cocoa, Sweet",RM 52,https://cdn.store-assets.com/s/1416711/i/99657620.jpeg,,,"Natural,",Medium-Dark,Espresso,"Brazil, Uganda",Yes,https://tubbycoffee.co/products/regular-blend-coffee-beans-brazil-uganda-arabica
663,Tubby Coffee,Tanzy,,"Molasses, Dark Chocolate, Prune","Sweet, Nutty/Cocoa",RM 52,https://cdn.store-assets.com/s/1416711/i/96298702.png,,,"Natural, Washed",Medium-Dark,Espresso,"Brazil, Tanzania",Yes,https://tubbycoffee.co/products/tanzy-espresso-blend
664,Tubby Coffee,Hammy - Caramel & Zest Espresso Blend,,"Chocolate, Blueberry",Sweet,RM 39,https://cdn.store-assets.com/s/1416711/i/92715281.png,,,"Natural, Washed",Medium-Dark,Espresso,"Brazil, Ethiopia",Yes,https://tubbycoffee.co/products/hammy-espresso-blend
665,Putra Roasters,PUTRA BLEND,,"Dark chocolate, roasted nuts, green apple","Fruity, Sweet, Nutty/Cocoa",RM 40,https://cdn.store-assets.com/s/907165/i/102559628.png,Arabica,,,Medium-Dark,Espresso,"Brazil, Papua New Guinea",Yes,https://www.putraroasters.com/products/putra-blend-coffee
666,Putra Roasters,RAJAH BLEND,,"Chocolate, raspberry, caramel","Fruity, Sweet",RM 43,https://cdn.store-assets.com/s/907165/i/102559644.png,Arabica,,,Medium,Espresso,"Brazil, Ethiopia",Yes,https://www.putraroasters.com/products/rajah-blend-coffee
667,Putra Roasters,COSTA RICA JAGUAR TARRAZU,,"Honey, dried fruits, red apple",Fruity,RM 50,https://cdn.store-assets.com/s/907165/i/102559646.png,Arabica,"1,200–1,900 meters above sea level",Honey,Medium,Filter,Costa Rica,No,https://www.putraroasters.com/products/costa-rica-jaguar-tarrazu
668,Putra Roasters,ETHIOPIA GUJI G2,,"Floral, berries, citrus","Fruity, Floral",RM 50,https://cdn.store-assets.com/s/907165/i/102559647.png,Arabica,"2,000 meters above sea level",Washed,Light,Filter,Ethiopia,No,https://www.putraroasters.com/products/ethiopia-guji-g2-coffee
669,Sweet Blossom Coffee,CHELCHELE #1,,"Lemon Candy, Bergamot, Frangipani, Violet Tea","Fruity, Floral, Sweet",RM 80,https://static.wixstatic.com/media/08b81c_a45a1f59049b40d3b2dcbfb5dbe0d89c~mv2.png,Heirloom,1900~2100masl,Washed,Unknown,Both,Ethiopia,No,https://www.sweetblossomcoffee.com/shop-chelchele
670,Sweet Blossom Coffee,CHELBESA #1,,"Fresh Mango, Strawberry, Peach, Grapes Candy","Fruity, Sweet",RM 80,https://static.wixstatic.com/media/08b81c_069a56b1af5c40e0a8632362d909ccce~mv2.png,Heirloom,1925~2110masl,Natural,Unknown,Both,Ethiopia,No,https://www.sweetblossomcoffee.com/products/chelbesa
671,Sweet Blossom Coffee,GEMBUEL PAJA LILIANA,,"Fuji Apple, Begonia, Longan Tea, Lychee Wood","Fruity, Floral, Sweet, Green/Vegetative",RM 70,https://static.wixstatic.com/media/08b81c_bbee804810da4f2595df1f70bdc2d375~mv2.png,Castillo,,Washed,Unknown,Both,Colombia,No,https://www.sweetblossomcoffee.com/shop-gembuel
672,Sweet Blossom Coffee,LA MARGARITA #01J2,,"White Grapes, Aloe, Blueberry Juice, Pohutukawa","Fruity, Floral",RM 200,https://static.wixstatic.com/media/08b81c_11054e3397584cdfac68bba835d4b167~mv2.png,Geisha,1940masl,Anaerobic Washed,Unknown,Filter,Peru,No,https://www.sweetblossomcoffee.com/shop-lamargarita
673,Sweet Blossom Coffee,AB KAROGOTO #010,,"Blackcurrants, Dark Plum, Dried Cranberry, Hawthorn",Fruity,RM 80,https://static.wixstatic.com/media/08b81c_2a3e84bb5a7143fa967ad2050f9dd2ca~mv2.png,"SL28&34, Batian, Ruiru 11",1708 masl,Washed,Unknown,Filter,Kenya,No,https://www.sweetblossomcoffee.com/shop-abkarogoto
674,Sweet Blossom Coffee,LE TOR GOLD,,"White Grapes, Mandarin Orange, Golden Raisin, Lemon Marigold","Fruity, Sweet",RM 80,https://static.wixstatic.com/media/08b81c_22d88f6c2a0b4e6e9407cbba89db04c1~mv2.png,"Villa Sarchi, Sarchimor",1400 masl,Washed,Unknown,Filter,Thailand,No,https://www.sweetblossomcoffee.com/shop-letorgoldaw
675,Brewsmith Coffee,Brazil Fazenda Rio Brilhante - Natural,,"Almond, Toffee, Dark Chocolate, Raisin","Nutty/Cocoa, Sweet",RM 30,https://cdn.store-assets.com/s/266069/i/90138999.png,"Bourbon, Catuai",950 - 1085 Masl,Natural,Unknown,Espresso,Brazil,No,https://www.brewsmithcoffee.com/products/brazil-michelangelo-rio-brihante-natural-
676,Brewsmith Coffee,Colombia Popayan Reserve - Washed,,"Sweet Orange, Raisin, Milk Chocolate, Silky Mouth Feel","Fruity, Sweet",RM 32,https://cdn.store-assets.com/s/266069/i/90139050.png,"Castillo, Caturra, Typica","1,600 masl",Fully washed,Unknown,Espresso,Colombia,No,https://www.brewsmithcoffee.com/products/colombia-huila-excelso
677,Brewsmith Coffee,Ethiopia Yirgacheffe Gedab - Washed,,"bergamot, lemon peels, peach, sugar cane","Floral, Fruity",RM 38,https://cdn.store-assets.com/s/266069/i/98064582.png,,1800-2100 Masl,Washed,Unknown,Espresso,Ethiopia,No,https://www.brewsmithcoffee.com/products/espresso-ethiopia-yirgacheffe-aricha-natural-
678,Brewsmith Coffee,Guatemala SHB Antigua Pastoral - Washed,,"Raisin, Red Apple, Bittersweet Chocolate, Silky Mouth feel","Fruity, Sweet, Nutty/Cocoa",RM 34,https://cdn.store-assets.com/s/266069/i/90139152.png,,1300-1650masl,Washed,Unknown,Espresso,Guatemala,No,https://www.brewsmithcoffee.com/products/espresso-guatemala-shb-antiqua-pastoral-washed-
679,Brewsmith Coffee,Ethiopia Sidama Huro - Anaerobic Natural,,"Tropical fruit, Raspberry, Lilac",Fruity,RM 40,https://cdn.store-assets.com/s/266069/i/90138978.png,Heirloom,1900-2200 Masl,Anaerobic Natural,Unknown,Espresso,Ethiopia,No,https://www.brewsmithcoffee.com/products/ethiopia-sidama-huro-anaerobic-natural
680,Brewsmith Coffee,Kenya Kiambu Handege AA - Washed,,"Umami, Blackcurrant, Grapefruit, Floral","Floral, Fruity",RM 70,https://cdn.store-assets.com/s/266069/i/98065145.png,"SL28, SL34",1800 Masl,Washed,Unknown,Filter,Kenya,No,https://www.brewsmithcoffee.com/products/kenya-kiambu-ngewa-ngomothai-aa-washed
681,Brewsmith Coffee,Ethiopia Yirgacheffe Aricha - Natural,,"Pineapple, Blackberry, Grapefruit, Molasses","Fruity, Sweet",RM 38,https://cdn.store-assets.com/s/266069/i/101973663.png,"Kerume, Heirloom",1900m-2100 Masl,Natural,Unknown,Espresso,Ethiopia,No,https://www.brewsmithcoffee.com/products/kenya-nyeri-ruru-anaerobic-natural
682,Theus Micro,Bona - Washed Ethiopian,,"Primrose, Bergamot, Apricot",Floral,RM 34,https://cdn.shopify.com/s/files/1/0857/6437/4885/files/bona.png?v=1772824196,"74,110","2400 masl Production Date: 2025 Cup Score: - Cup profile: Primrose, Bergamot, Apricot",Washed,Unknown,Both,Ethiopia,No,https://theusmicro.com/products/bona-washed-ethiopian
683,Theus Micro,Doora - Natural Ethiopian,,"Pineapple, Sunkist Orange, Red Berries","Fruity, Floral",RM 34,https://cdn.shopify.com/s/files/1/0857/6437/4885/files/doora.png?v=1772824885,Heirloom,"2550masl Production Date: 2025 Cup Score: - Cup profile: Pineapple, Sunkist Orange, Red Fruits",Natural,Unknown,Both,Ethiopia,No,https://theusmicro.com/products/doora-natural-ethiopian
684,Theus Micro,Espresso Series - Homerun Blend 2.0,,"Brown Sugar, Molasses, Dried Persimmon, Honey",Sweet,RM 32,https://cdn.shopify.com/s/files/1/0857/6437/4885/files/2_69200a5f-d6a1-4c25-b15d-8f0227ce7067.png?v=1768463190,,,Wet-hulled,Dark,Espresso,"Indonesia, Ethiopia",Yes,https://theusmicro.com/products/honduras-comayagua-espresso
685,Theus Micro,Espresso Series - Seribu Raja,,"Brown Sugar, Molasses, Dark Chocolate, Tamarind","Sweet, Nutty/Cocoa",RM 24,https://cdn.shopify.com/s/files/1/0857/6437/4885/files/4_8e323e43-5525-4b41-9dc5-26dd9d6ebcf7.png?v=1768463190,Mixed Var.,"1000-1200m Production Date: 2025 Cup Score: 83 Cup profile: Brown Sugar, Molasses, Dark Chocolate, Tamarind",Wet-hulled,Dark,Espresso,Indonesia,No,https://theusmicro.com/products/espresso-series-seribu-raja
686,Emery Coffee,Brazil Santa Ines Espresso Roast,,"Roasted Nuts, Marzipan, Chocolate","Roasted, Nutty/Cocoa",RM 47,https://cdn.shopify.com/s/files/1/0026/0299/1734/files/8.jpg?v=1729647874,Bourbon,,Natural,Unknown,Espresso,Brazil,No,https://emery.coffee/products/brazil-cerrado-natural
687,Emery Coffee,Brazil Santa Ines Filter Roast,,"Dried Fruit, Molasses, Roasted Nuts, Chocolate","Sweet, Nutty/Cocoa, Roasted",RM 47,https://cdn.shopify.com/s/files/1/0026/0299/1734/files/9_bac9da33-346d-4a0b-b413-78ea6a29a054.jpg?v=1729647874,Bourbon,,Natural,Unknown,Filter,Brazil,No,https://emery.coffee/products/brazil-santa-ines-filter-roast
688,Emery Coffee,Colombia El Paraiso 92 Pink Bourbon,,"Pink Guava, Pineapple, Popsicle","Fruity, Sweet",RM 163,https://cdn.shopify.com/s/files/1/0026/0299/1734/files/Screenshot_2026-01-13_at_3.16.14_PM.png?v=1768288588,Bourbon,,Yeast Anaerobic,Light,Both,Colombia,No,https://emery.coffee/products/columbia-el-paraiso-92
689,Emery Coffee,Colombia Finca Milan,,"Melon, Grape, Guava, Mint",Fruity,RM 163,https://cdn.shopify.com/s/files/1/0026/0299/1734/files/Screenshot_2026-01-13_at_3.13.26_PM.png?v=1768288421,,,Co-fermentation (Watermelon + Microbes + Nitro),Light,Both,Colombia,No,https://emery.coffee/products/columbia-finca-milan
690,Emery Coffee,El Salvador Los Pirineos Red Pacamara Natural,,"Orange, Berries, Marmalade","Fruity, Sweet",RM 163,https://cdn.shopify.com/s/files/1/0026/0299/1734/files/Screenshot_2026-01-13_at_3.18.34_PM.png?v=1768288760,Pacamara,,Natural,Light,Both,El Salvador,No,https://emery.coffee/products/el-salvador-red-pacamara-natural
691,Emery Coffee,Emery Ardent Blend,,"Pipe Tobacco, Cocoa Nibs, Smoke","Nutty/Cocoa, Spices, Roasted",RM 26,https://cdn.shopify.com/s/files/1/0026/0299/1734/files/10.png?v=1720018277,,,"Washed, Natural",Dark,Both,"Colombia, Indonesia",Yes,https://emery.coffee/products/roasted-coffee-beans-esc-house-blend
692,Emery Coffee,Emery Forest Blend,,"Stone Fruit, Black Tea, Fruit Chocolate","Fruity, Nutty/Cocoa, Floral",RM 29,https://cdn.shopify.com/s/files/1/0026/0299/1734/files/Minimalist_Elegant_Modern_Cosmetics_Shampoo_Label_Sticker_3.png?v=1737803385,,,"Washed, Natural",Medium,Both,"Ethiopia, Costa Rica",Yes,https://emery.coffee/products/esc-forest-blend
693,Emery Coffee,Emery Gutsy Blend,,"Smoked Caramel, Raisin, Milk Chocolate, Roasted Nuts","Nutty/Cocoa, Sweet, Roasted",RM 28,https://cdn.shopify.com/s/files/1/0026/0299/1734/files/9.png?v=1720018366,,,"Washed, Natural",Medium-Dark,Both,"Brazil, Indonesia, Ethiopia",Yes,https://emery.coffee/products/emery-basic-blend
694,Emery Coffee,Emery House Blend,,"Stone Fruit, Brown Sugar, Chocolate, Pomegranate","Sweet, Nutty/Cocoa",RM 28,https://cdn.shopify.com/s/files/1/0026/0299/1734/files/7_22c2a747-812f-475a-b15e-c43dafc275da.png?v=1720018469,,,,Medium,Both,"Ethiopia, Colombia, Brazil",Yes,https://emery.coffee/products/esc-house-blend-espresso-roast
695,Emery Coffee,Emery Rustic Blend,,"Molasses, Roasted Nuts, Dark Chocolate, Oak","Sweet, Roasted, Nutty/Cocoa",RM 28,https://cdn.shopify.com/s/files/1/0026/0299/1734/files/Minimalist_Elegant_Modern_Cosmetics_Shampoo_Label_Sticker_8.png?v=1759041058,,,"Washed, Natural",Dark,Both,"India, Brazil, Colombia, Indonesia",Yes,https://emery.coffee/products/emery-rustic-blend
696,Emery Coffee,Emery Specialty Blend,,"Blackberry, Roasted Nuts, Cocoa Nibs","Fruity, Nutty/Cocoa",RM 26,https://cdn.shopify.com/s/files/1/0026/0299/1734/files/8.png?v=1720018620,,,Washed,Medium-Dark,Both,"Indonesia, Colombia",Yes,https://emery.coffee/products/esc-specialty-blend
697,Emery Coffee,Ethiopia Guji Espresso Roast,,"Bergamot, Lemongrass, Fig, Brown Sugar","Fruity, Sweet",RM 47,https://cdn.shopify.com/s/files/1/0026/0299/1734/files/2_a442821f-f172-451e-bd2c-295f81bde6fd.jpg?v=1773570944,,,Washed,Unknown,Espresso,Ethiopia,No,https://emery.coffee/products/ethiopia-guji-washed
698,Emery Coffee,Ethiopia Guji Filter Roast,,"Bergamot, Lemongrass, Fig, Brown Sugar","Fruity, Sweet",RM 47,https://cdn.shopify.com/s/files/1/0026/0299/1734/files/1_0fa2205b-a2fd-40b0-8a19-18360a56be11.jpg?v=1773570650,,,Washed,Unknown,Filter,Ethiopia,No,https://emery.coffee/products/ethiopia-yirgacheffe-filter-roast
699,Emery Coffee,Indonesia Ijen Lestari Espresso Roast,,"Cinnamon, Stewed Apple, Pineapple, Red Tea","Spices, Sweet, Floral",RM 77,https://cdn.shopify.com/s/files/1/0026/0299/1734/files/Minimalist_Elegant_Modern_Cosmetics_Shampoo_Label_Sticker_2.png?v=1737803030,,,Carbonic Maceration,Unknown,Espresso,Indonesia,No,https://emery.coffee/products/uganda-miwu-washed-espresso-roast-copy
700,Emery Coffee,Indonesia Ijen Lestari Filter Roast,,"Cinnamon, Stewed Apple, Pineapple, Red Tea","Spices, Sweet, Floral",RM 77,https://cdn.shopify.com/s/files/1/0026/0299/1734/files/Minimalist_Elegant_Modern_Cosmetics_Shampoo_Label_Sticker_1.png?v=1737803182,,,Carbonic Maceration,Unknown,Filter,Indonesia,No,https://emery.coffee/products/indoneesia-ijen-lestari-filter-roast
701,Emery Coffee,Nicaragua Finca San Jose,,"Rose, Peach, Soursop",Floral,RM 163,https://cdn.shopify.com/s/files/1/0026/0299/1734/files/Screenshot_2026-01-13_at_3.18.34_PM.png?v=1768288760,,,Natural,Light,Both,Nicaragua,No,https://emery.coffee/products/nicaragua-finca-san-jose
702,Wolf & Turtle Coffee,Aceh Gayo Highland Ratawali (Giling Basah),,"Chocolate, Citrus, Grapefruit","Fruity, Nutty/Cocoa",RM 38,https://cdn.shopify.com/s/files/1/0710/0026/0919/files/aceh-gayo-highland-ratawali-giling-basah-3860986.jpg?v=1777402565,,1500 Masl,Semi Washed (Giling Basah),Medium-Dark,Both,Indonesia,No,https://wolfandturtlecoffee.com/products/indonesia-sumatra-gayo-highlands-giling-basah
703,Wolf & Turtle Coffee,Aceh Gayo Pak Aulia,,"Floral, Berries, Jackfruit Aroma","Floral, Fruity",RM 44,https://cdn.shopify.com/s/files/1/0710/0026/0919/files/aceh-gayo-pak-aulia-9580038.jpg?v=1777402566,,1500 Masl,Natural Anaerobic Fermentation,Medium Light,Both,Indonesia,No,https://wolfandturtlecoffee.com/products/aceh-gayo-pak-aulia
704,Wolf & Turtle Coffee,Aceh Gayo Ratawali,,"Cacao, English Tea, Almond Aftertaste","Nutty/Cocoa, Floral",RM 40,https://cdn.shopify.com/s/files/1/0710/0026/0919/files/aceh-gayo-ratawali-7062859.jpg?v=1777402566,,1600 Masl,Fully Washed,Medium-Dark,Both,Indonesia,No,https://wolfandturtlecoffee.com/products/aceh-gayo-ratawali
705,Wolf & Turtle Coffee,Brazil Santos,,"Nutty, Milk Chocolate, Butterscotch",Nutty/Cocoa,RM 40,https://cdn.shopify.com/s/files/1/0710/0026/0919/files/brazil-santos-9702885.jpg?v=1777402565,,900 - 1200 Masl,Natural,Medium-Dark,Both,Brazil,No,https://wolfandturtlecoffee.com/products/brazil-santos
706,Wolf & Turtle Coffee,Coast 2 Coast,,"Sweet aromatics, Vanilla, Coconut & Plum Dried Fruit","Sweet, Floral, Fruity",RM 44,https://cdn.shopify.com/s/files/1/0710/0026/0919/files/coast-2-coast-1088409.jpg?v=1777402566,,,"Washed, Semi-washed, Natural",Medium,Both,"Indonesia, Peru",Yes,https://wolfandturtlecoffee.com/products/coast-2-coast
707,Wolf & Turtle Coffee,El Salvador Finca Lima Picaflor,,"Red Apple, Yellow Fruit",Fruity,RM 40,https://cdn.shopify.com/s/files/1/0710/0026/0919/files/el-salvador-finca-lima-picaflor-4635793.jpg?v=1777402565,,,Washed,Medium Light,Both,El Salvador,No,https://wolfandturtlecoffee.com/products/el-salvador-red-bourbon-coffee
708,Wolf & Turtle Coffee,Ethiopia Kercha Lot,,"Dried Mango, Bergamot, Yellow Pear, Chocolate",,RM 44,https://cdn.shopify.com/s/files/1/0710/0026/0919/files/ethiopia-kercha-lot-8089082.jpg?v=1777402565,,,Natural,Medium Light,Both,Ethiopia,No,https://wolfandturtlecoffee.com/products/ethiopia-kercha-lot
709,Wolf & Turtle Coffee,Ethiopia Limu Badeyi,,"Balanced, Peach Tea, Lime Flower",Floral,RM 44,https://cdn.shopify.com/s/files/1/0710/0026/0919/files/ethiopia-limu-badeyi-6452149.jpg?v=1777402566,,1400 Masl,Washed,Medium Light,Both,Ethiopia,No,https://wolfandturtlecoffee.com/products/ethiopia-limu-badeyi
710,Wolf & Turtle Coffee,Indonesia Ribang Gayo Musara,,"Floral, Berries, Jackfruit Aroma, Black Tea, Plum","Floral, Fruity",RM 48,https://cdn.shopify.com/s/files/1/0710/0026/0919/files/indonesia-ribang-gayo-musara-8821416.jpg?v=1778231166,,1800 Masl,Natural,Medium Light,Both,Indonesia,No,https://wolfandturtlecoffee.com/products/indonesia-ribang-gayo-musara
711,Wolf & Turtle Coffee,Pegasus,,"Peanut nutty, Cereal Malt, Cinnamon Brown Spice, Molasses","Nutty/Cocoa, Sweet, Spices",RM 44,https://cdn.shopify.com/s/files/1/0710/0026/0919/files/pegasus-6864203.jpg?v=1777402565,,,"Washed, Semi-washed, Natural",Medium,Both,"Brazil, Peru",Yes,https://wolfandturtlecoffee.com/products/pegasus-blend
712,Wolf & Turtle Coffee,Peru Cajamarca Loro Verde,,"Red Apple, Toffee, Cola","Fruity, Sweet",RM 44,https://cdn.shopify.com/s/files/1/0710/0026/0919/files/peru-cajamarca-loro-verde-8540636.jpg?v=1777402566,,,Washed,Medium Light,Both,Peru,No,https://wolfandturtlecoffee.com/products/peru-cajamarca-loro-verde
713,Wolf & Turtle Coffee,PNG Nebilyer,,"Citrusy, Macademia, Brown Sugar, Creamy","Fruity, Sweet",RM 40,https://wolfandturtlecoffee.com/cdn/shop/files/png-nebilyer-7510782.png?v=1765538337,,1350 Masl,Natural,Medium Light,Both,Papua New Guinea,No,https://wolfandturtlecoffee.com/products/png-nebilyer
714,Wolf & Turtle Coffee,White Wolf Blend,,"Chocolatey, Toffee Nut Sweetness, Dark Chocolate, Hazelnut Finish","Nutty/Cocoa, Sweet, Roasted",RM 40,https://wolfandturtlecoffee.com/cdn/shop/files/white-wolf-blend-3705576.jpg?v=1777402566&width=1100,,,"Natural, Semi-Washed, Washed",Medium-Dark,Both,"Brazil, El Salvador, Indonesia",Yes,https://wolfandturtlecoffee.com/products/the-white-wolf-blend
715,Wolf & Turtle Coffee,Lazy Boy Blend,,"Almond, Dark Chocolate, Molasses","Nutty/Cocoa, Sweet",RM 40,https://wolfandturtlecoffee.com/cdn/shop/files/lazy-boy-blend-3188053.jpg?v=1777402566,,,"Natural, Semi-Washed",Medium-Dark,Both,"Brazil, Indonesia",Yes,https://wolfandturtlecoffee.com/products/lazy-boy-blend
716,Wolf & Turtle Coffee,Southpaw Blend,,"Caramel, Roasted Nuts, White Chocolate","Nutty/Cocoa, Sweet",RM 40,https://wolfandturtlecoffee.com/cdn/shop/files/southpaw-blend-7480744.jpg?v=1777402566,,,"Natural, Washed",Medium-Dark,Both,"Brazil, Colombia",Yes,https://wolfandturtlecoffee.com/products/southpaw-blend
717,Port Coffee Roastery,Brazil Cerrado,,"Dark Chocolate, Cookies, Hazelnut","Sweet, Nutty/Cocoa",RM 34,"https://static.wixstatic.com/media/d7adcc_2136ab50c6694773b63b58b3c6554c6b~mv2.jpg/v1/fit/w_500,h_500,q_90/file.jpg",Mundo Novo,1800 MASL,Natural,Medium-Dark,Espresso,Brazil,No,https://www.portcoffeeroastery.com/product-page/brazil-cerrado-250g-1
718,Port Coffee Roastery,El Savador El Angel,,"Kiwi, Soursop, Caramel","Fruity, Sweet",RM 52,"https://static.wixstatic.com/media/d7adcc_db85d5c984a049759ee1349077ddcd6c~mv2.jpg/v1/fit/w_500,h_500,q_90/file.jpg",Anacafé 14,1500–1600 MASL,Natural,Unknown,Espresso,El Salvador,No,https://www.portcoffeeroastery.com/product-page/el-savador-el-angel-natural
719,Port Coffee Roastery,Guatemala Antigua,,"Brown Sugar, Milk Chocolate, Cherry, Nutty","Fruity, Sweet, Nutty/Cocoa",RM 36,"https://static.wixstatic.com/media/d7adcc_656986c76076498cbd1448921e326cea~mv2.jpg/v1/fit/w_500,h_500,q_90/file.jpg",Typica,1600 MASL,Washed,Medium-Dark,Espresso,Guatemala,No,https://www.portcoffeeroastery.com/product-page/guatemala-antigua-250g
720,Port Coffee Roastery,Hammerhead Blend (Brazil x Guatemala),,"Milk Chocolate, Caramel, Orange","Fruity, Sweet, Nutty/Cocoa",RM 36,"https://static.wixstatic.com/media/d7adcc_74454d075df242a69170af67e2d390f5~mv2.jpg/v1/fit/w_500,h_500,q_90/file.jpg","Mundo Novo, Bourbon, Typica",1250–1600 MASL,Natural & Washed,Unknown,Espresso,"Brazil, Guatemala",Yes,https://www.portcoffeeroastery.com/product-page/hammerhead-blend-250
721,Port Coffee Roastery,Indonesia Mandheling G1,,"Spice, Tangy, Rich Body",Spices,RM 32,"https://static.wixstatic.com/media/d7adcc_a37a66b7904a47ecabdab08cee8a4e4e~mv2.jpg/v1/fit/w_500,h_500,q_90/file.jpg",Typica,1300 MASL,Wet-Hulled,Medium-Dark,Espresso,Indonesia,No,https://www.portcoffeeroastery.com/product-page/indonesia-mandheling-g2
722,Port Coffee Roastery,Mackerel Blend (Brazil x Indonesia),,"Dark Chocolate, Nutty, Full Body, Earthy","Nutty/Cocoa, Green/Vegetative",RM 34,"https://static.wixstatic.com/media/d7adcc_024a22aa27ef4760a5399deacef9c877~mv2.jpg/v1/fit/w_500,h_500,q_90/file.jpg","Mundo Novo, Typica",1250–1300 MASL,Natural,Medium-Dark,Espresso,"Brazil, Indonesia",Yes,https://www.portcoffeeroastery.com/product-page/mackerel-blend
723,Port Coffee Roastery,Marlin Blend (Brazil x Ethiopia),,"Dark Chocolate, Hazelnut, Berries, A harmony of two origins","Fruity, Nutty/Cocoa",RM 44,"https://static.wixstatic.com/media/d7adcc_7fae1ab0ef054500a7b91af0354654e2~mv2.jpg/v1/fit/w_500,h_500,q_90/file.jpg","Mundo Novo, Heirloom",1250–1800 MASL,Natural,Unknown,Espresso,"Brazil, Ethiopia",Yes,https://www.portcoffeeroastery.com/product-page/marlin-blend-250g
724,Port Coffee Roastery,Tidal Blend,,"Butter Cake, Toffee, Lemon, Mint","Fruity, Sweet, Green/Vegetative",RM 39,"https://static.wixstatic.com/media/d7adcc_80519505b0fa45b786f89ee6be762818~mv2.jpg/v1/fit/w_500,h_500,q_90/file.jpg",,,,Unknown,Espresso,"Ethiopia, Indonesia",Yes,https://www.portcoffeeroastery.com/product-page/special-release-tidal-blend
725,Rumah Panggang,BRAZIL SANTUARIO SUL LOT 1,,"Citrus, Red Berries, Honey","Fruity, Sweet",RM 80,https://www.rumahpanggang.com/wp-content/uploads/2026/01/img_1487-1-1.jpeg,Geisha,1300 MASL,Natural,Unknown,Filter,Brazil,No,https://www.rumahpanggang.com/product/brazil-santuario-sul-lot-1/
726,Rumah Panggang,BRAZIL SITIO BALAIO THE FERNANDES FAMILY,,"Stonefruit Sweetness, Jasmine, Sugarcane, Apricot","Fruity, Floral, Sweet",RM 60,https://www.rumahpanggang.com/wp-content/uploads/2026/01/img_1488.jpeg,Yellow Catuai,1300 MASL,Natural,Unknown,Filter,Brazil,No,https://www.rumahpanggang.com/product/brazil-sitio-balaio-the-fernandes-family/
727,Rumah Panggang,"BRAZIL,CERADO – SOE series RU.PA",,"Low Acidity, Hazelnut, Milk Chocolate","Nutty/Cocoa, Sweet",RM 23,https://www.rumahpanggang.com/wp-content/uploads/2025/01/14.png,Bourbon,,Natural,Dark,Espresso,Brazil,No,https://www.rumahpanggang.com/product/merah-saga-espresso-blend-series-ru-pa/
728,Rumah Panggang,CHOCO CHOCO BLEND – ESPRESSO BLEND series RU.PA,,"Chocolatey, Dark Chocolate, Sweet, High Body","Nutty/Cocoa, Sweet, Other",RM 22,https://www.rumahpanggang.com/wp-content/uploads/2025/02/Copy-of-Packaging-Cards-Instagram-Post.png,,,,Unknown,Espresso,"Brazil, Indonesia",Yes,https://www.rumahpanggang.com/product/choco-choco-blend-espresso-blend-series-ru-pa/
729,Rumah Panggang,COLOMBIA FINCA MILAN,,"Cantaloupe, Watermelon, Honey Dew, Strawberry, Vanilla, Peach, Perfume","Fruity, Sweet, Floral",RM 90,https://www.rumahpanggang.com/wp-content/uploads/2025/02/7-1.png,,,Washed Anaerobic,Medium,Filter,Colombia,No,https://www.rumahpanggang.com/product/colombia-finca-milan/
730,Rumah Panggang,COLUMBIA SUPREMO,,"Citrus, Orange, Nuts","Fruity, Nutty/Cocoa",RM 18,https://www.rumahpanggang.com/wp-content/uploads/2025/01/30.png,,"1,200-1,800 meters above sea level",Washed,Unknown,Espresso,Colombia,No,https://www.rumahpanggang.com/product/columbia-supremo/
731,Rumah Panggang,ECUADOR CANTON QUILANGA LOJA,,"Pineapple, Grapefruit, Hint of Floral, Juicy","Fruity, Floral, Other",RM 80,https://www.rumahpanggang.com/wp-content/uploads/2025/09/img_9844-1.png,Sidra,1900 MASL,Red Honey,Unknown,,Ecuador,No,https://www.rumahpanggang.com/product/ecuador-canton-quilanga-loja/
732,Rumah Panggang,El Salvador Finca Lima,,"Fuji Apple, Tangerine, Caramel","Fruity, Sweet",RM 28,https://www.rumahpanggang.com/wp-content/uploads/2026/04/img_2533.png,Red Bourbon,1350 MASL,Fully Washed,Unknown,Espresso,El Salvador,No,https://www.rumahpanggang.com/product/el-salvador-finca-lima/
733,Rumah Panggang,EL SAVADOR HIMALAYA MAMBO NO.5,,"Raspberry, Cherry, Dark Chocolate, Brown Sugar","Fruity, Nutty/Cocoa, Sweet",RM 60,https://www.rumahpanggang.com/wp-content/uploads/2025/02/2-1.png,,,Natural,Unknown,Filter,El Salvador,No,https://www.rumahpanggang.com/product/el-savador-himalaya-mambo-no-5/
734,Rumah Panggang,ETHIOPIA KAFFA GEISHA,,"Dried Sweet Orange, Red Apple, Brown Sugar, Bright Citrus Sour","Fruity, Sweet, Sour/Fermented",RM 65,https://www.rumahpanggang.com/wp-content/uploads/2025/01/ETHIOPIA-YIRGACHEFFE-KOKE-SHALAYE.png,Geisha,2000-2300 MASL,Natural,Medium,Filter,Ethiopia,No,https://www.rumahpanggang.com/product/ethiopiakaffa-geisha-natural/
735,Rumah Panggang,ETHIOPIA MURANGO LOT Q,,"Prune, Grape, Lingonberry",Fruity,RM 65,https://www.rumahpanggang.com/wp-content/uploads/2026/01/img_1206.png,"74158, 74152",2300-2400 MASL,Natural,Unknown,Both,Ethiopia,No,https://www.rumahpanggang.com/product/ethiopia-murango-lot-q/
736,Rumah Panggang,ETHIOPIA OROMIA GUJI,,"Lemonade, Caramel, Stone Fruit","Fruity, Sweet",RM 65,https://www.rumahpanggang.com/wp-content/uploads/2025/09/img_0065.png,"74,110",2010-2040 MASL,Washed,Unknown,Filter,Ethiopia,No,https://www.rumahpanggang.com/product/ethiopia-oromi-guji/
737,Rumah Panggang,Ethiopia Sidama Bensa Dembi,,"Stonefruit, Strawberry, Mango Shake","Fruity, Sweet",RM 65,https://www.rumahpanggang.com/wp-content/uploads/2025/05/untitled-design.png,,,Natural,Unknown,Filter,Ethiopia,No,https://www.rumahpanggang.com/product/ethiopia-sidama-bensa-dembi/
738,Rumah Panggang,ETHIOPIA SIDAMA SHANTA GOLBA,,"Lemon, White Peach, Bergamot, Coconut, Caramel, Fresh Cream","Fruity, Floral, Sweet, Other",RM 45,https://www.rumahpanggang.com/wp-content/uploads/2025/02/3-1.png,,,Washed,Medium,Filter,Ethiopia,No,https://www.rumahpanggang.com/product/ethiopia-sidama-shanta-golba/
739,Rumah Panggang,ETHIOPIA SIDAMO BENSA,,"Coffee Blossom, Floral, White Grapes, Stone Fruits","Floral, Fruity",RM 60,https://www.rumahpanggang.com/wp-content/uploads/2025/02/4-1.png,,,Washed,Medium,Filter,Ethiopia,No,https://www.rumahpanggang.com/product/ethiopia-sidamo-bensa/
740,Rumah Panggang,ETHIOPIA YABITU KOBA LOT 1,,"Citrus, Red Apple, Black Tea, Grape, Cherry","Fruity, Green/Vegetative",RM 60,https://www.rumahpanggang.com/wp-content/uploads/2026/01/img_1490.jpeg,Heirloom,1900-2300 MASL,Washed,Unknown,Filter,Ethiopia,No,https://www.rumahpanggang.com/product/ethiopia-yabitu-koba-lot-1/
741,Rumah Panggang,ETHIOPIA YIRGACHEFFE CHELCHELE LOT 3,,"Lavender, Purple Grape, Blueberry, Creamy","Floral, Fruity, Sweet",RM 70,https://www.rumahpanggang.com/wp-content/uploads/2026/01/img_1489.jpeg,Heirloom,1800-2200 MASL,Washed,Unknown,Filter,Ethiopia,No,https://www.rumahpanggang.com/product/ethiopia-yirgacheffe-chelchele-lot-3/
742,Rumah Panggang,ETHIOPIA YIRGACHEFFE DUMERSO,,"Honeysuckle, Mixed Berries, Stone Fruits","Floral, Fruity, Sweet",RM 65,https://www.rumahpanggang.com/wp-content/uploads/2025/08/img_9845.png,Heirloom,"1,900–2,100 masl",Natural,Unknown,Espresso,Ethiopia,No,https://www.rumahpanggang.com/product/ethiopia-yirgacheffe-dumerso/
743,Rumah Panggang,ETHIOPIA YIRGACHEFFE KOKE,,"Blueberry, Floral, Sweet, Black Tea","Fruity, Floral, Sweet, Green/Vegetative",RM 44,https://www.rumahpanggang.com/wp-content/uploads/2025/02/Rumah-Instagram-Post-Instagram-Post.png,,,Natural,Medium,Filter,Ethiopia,No,https://www.rumahpanggang.com/product/ethiopia-yirgacheffe-koke/
744,Rumah Panggang,ETHIOPIA YIRGACHEFFE KOKE SHALAYE,,"Magnolia Flower, Citrus, Green Tea, Honey, Grapefruit, Sweet Sour Orange","Floral, Fruity, Green/Vegetative, Sweet",RM 60,https://www.rumahpanggang.com/wp-content/uploads/2025/01/1.png,"74114, 74110",1973 MASL,Washed,Medium,Filter,Ethiopia,No,https://www.rumahpanggang.com/product/ethiopia-yirgacheffe-washed-2/
745,Rumah Panggang,"ETHIOPIA,GUJI NATURAL",,"Red Raspberry, Orange, Red Floral Finish, Sweet Fruit","Fruity, Floral, Sweet",RM 60,https://www.rumahpanggang.com/wp-content/uploads/2025/01/2-1.png,"74,114",2000-2300 MASL,Natural,Unknown,Filter,Ethiopia,No,https://www.rumahpanggang.com/product/ethiopia-kaffa-geisha-natural/
746,Rumah Panggang,"GEISHA BRONZE TIP NATURAL SLOW DRY (INDONESIA, WEST JAVA, MOUNT PUNTANG)",,"Floral, Citrus, Red Berry","Floral, Fruity",RM 95,https://www.rumahpanggang.com/wp-content/uploads/2026/02/comica-1080-x-1080-px-5.png,Geisha (Bronze Tip strain),,Natural Slow Dry,Unknown,Filter,Indonesia,No,https://www.rumahpanggang.com/product/geisha-bronze-tip-naturalslow-dry-indonesia-westjava-mount-puntang/
747,Rumah Panggang,"GEISHA BRONZE TIP NATURAL ANAEROBIC (Indonesia, West Java, Mount Puntang)",,"Tropical Fruit, Floral, Juicy Sweetness","Fruity, Floral, Sweet",RM 95,https://www.rumahpanggang.com/wp-content/uploads/2026/02/comica-1080-x-1080-px-8.png,Geisha (Bronze Tip strain),,Natural Anaerobic,Unknown,Filter,Indonesia,No,https://www.rumahpanggang.com/product/geisha-bronze-tip-natural-anaerobic-indonesia-west-java-mount-puntang/
748,Rumah Panggang,"GEISHA BRONZE TIP NATURAL CLASSIC (INDONESIA, WEST JAVA, MOUNT PUNTANG)",,"Berry Sweetness, Floral Lift, Cola, Round Body","Fruity, Floral, Other",RM 95,https://www.rumahpanggang.com/wp-content/uploads/2026/02/comica-1080-x-1080-px-9-1.png,Geisha (Bronze Tip strain),,Natural Classic,Unknown,Filter,Indonesia,No,https://www.rumahpanggang.com/product/geisha-bronze-tip-natural-classic-indonesia-west-java-mount-puntang/
749,Rumah Panggang,"GEISHA BRONZE TIP WASHED (INDONESIA, WEST JAVA, MOUNT PUNTANG)",,"Floral, Ginger Cookies, Stone Fruit, Sweetness Tea-like Clarity","Floral, Spices, Fruity, Sweet, Green/Vegetative",RM 95,https://www.rumahpanggang.com/wp-content/uploads/2026/02/comica-1080-x-1080-px-7.png,Geisha (Bronze Tip strain of Geisha),,Washed (full washed method),Unknown,Filter,Indonesia,No,https://www.rumahpanggang.com/product/geisha-bronze-tip-washed-indonesia-west-java-mount-puntang/
750,Rumah Panggang,"GEISHA GREEN TIP NATURAL SLOW DRY (Sultani Estate, Irwansyah, Puntang Mount, Indonesia West Java)",,"Floral, Tropical Fruit, Honey-like Sweetness","Floral, Fruity, Sweet",RM 95,https://www.rumahpanggang.com/wp-content/uploads/2026/02/comica-1080-x-1080-px-6.png,Geisha (Green Tip strain),,Natural Slow Dry,Unknown,Filter,Indonesia,No,https://www.rumahpanggang.com/product/geisha-green-tip-natural-slow-dry-sultani-estate-irwansyah-puntang-mount-indonesia-west-java/
751,Rumah Panggang,GUATEMALA ACATENAGO VALLEY SANTA FELISA,,"Banana, Cocoa, Purple Grape","Fruity, Nutty/Cocoa",RM 65,https://www.rumahpanggang.com/wp-content/uploads/2025/09/img_0066.png,Typica / Bourbon / Catuai,1500 MASL,Natural Dry,Unknown,Filter,Guatemala,No,https://www.rumahpanggang.com/product/guatemala-acatenago-valley-santa-felisa/
752,Rumah Panggang,GUATEMALA HUEHUETENANGO,,"Floral, Citrus, Nuts","Floral, Fruity, Nutty/Cocoa",RM 23,https://www.rumahpanggang.com/wp-content/uploads/2025/02/5-1.png,,1450 MASL,Washed,Medium,Espresso,Guatemala,No,https://www.rumahpanggang.com/product/guatemala-hue-hue-tanego/
753,Rumah Panggang,INDONESIA GAYO ARKHAN,,"Plum, Stone Fruits, Nutmegs, Spice, Brown Sugar","Fruity, Spices, Sweet",RM 60,https://www.rumahpanggang.com/wp-content/uploads/2025/02/8-1.png,,,Slow Dry Natural,Unknown,Filter,Indonesia,No,https://www.rumahpanggang.com/product/indonesia-gayo-arkhan/
754,Rumah Panggang,INDONESIA TUANG GULANG VILLAGE LOT #5004,,"Berries, Tropical Fruits, Dark Chocolate, Cigar","Fruity, Nutty/Cocoa, Roasted",RM 60,https://www.rumahpanggang.com/wp-content/uploads/2025/05/img_9146-scaled.png,,,Anaerobic Natural,Unknown,Filter,Indonesia,No,https://www.rumahpanggang.com/product/indonesia-tuang-gulang-village/
755,Rumah Panggang,INDONESIA TUANG UWU VILLAGE LOT#1159,,"Blueberries, Tropical Fruits, Juicy","Fruity, Other",RM 60,https://www.rumahpanggang.com/wp-content/uploads/2025/05/img_9147-scaled.png,,,Anaerobic Natural,Unknown,Filter,Indonesia,No,https://www.rumahpanggang.com/product/indonesia-tuang-uwu-village-lot-1159/
756,Rumah Panggang,KENYA KAGUMO LOT 35,,"Blackberry, Blood Orange, Marmalade","Fruity, Sweet",RM 75,https://www.rumahpanggang.com/wp-content/uploads/2025/09/img_9843.png,SL28/SL34,,Natural,Unknown,Filter,Kenya,No,https://www.rumahpanggang.com/product/kenya-kagumo-lot-35/
757,Rumah Panggang,KENYA THIRIKU,,"Grapefruit, Blackcurrant, Prune, Clean","Fruity, Other",RM 75,https://www.rumahpanggang.com/wp-content/uploads/2025/09/img_9842.png,SL28 / SL34,1880-1970 MASL,Washed,Unknown,Filter,Kenya,No,https://www.rumahpanggang.com/product/kenya-thiriku/
758,Rumah Panggang,"KENYA, NYERI WASHED",,"Citrus, Dried Tomato, Cream Hazelnut, Green Plum, Bright Acidity","Fruity, Nutty/Cocoa, Green/Vegetative, Other",RM 60,https://www.rumahpanggang.com/wp-content/uploads/2025/01/4.png,"SL 28, SL 34",1200 - 2300 MASL,Washed,Unknown,Filter,Kenya,No,https://www.rumahpanggang.com/product/ethiopia-yirgacheffe-washed/
759,Rumah Panggang,MERAH SAGA – ESPRESSO BLEND series RU.PA,,"Kacang, Cokelat Gelap, Seimbang","Nutty/Cocoa, Sweet",RM 24,https://www.rumahpanggang.com/wp-content/uploads/2025/01/Packaging-Cards-Instagram-Post.png,,,,Unknown,Espresso,"Brazil, Colombia",Yes,https://www.rumahpanggang.com/product/merah-saga-espresso-blend-series-ru-pa-2/
760,Rumah Panggang,NICARAGUA EL AVION,,"Extreamly Clean, White Grape, Lychee, Jasmine","Fruity, Floral, Other",RM 53,https://www.rumahpanggang.com/wp-content/uploads/2025/01/5-1.png,"Catuai, Catimor",1500-1700 MASL,Washed,Medium,Filter,Nicaragua,No,https://www.rumahpanggang.com/product/nicaragua-el-avion/
761,Rumah Panggang,NYOK-NYOK – ESPRESSO BLEND series RU.PA,,"Kelapa, Gula Melaka, Karamel","Sweet, Other",RM 23,https://www.rumahpanggang.com/wp-content/uploads/2025/01/Packaging-Cards-Instagram-Post-3.png,,,,Unknown,Espresso,"Guatemala, Brazil, Ethiopia",Yes,https://www.rumahpanggang.com/product/nyok-nyok-espresso-blend-series-ru-pa/
762,Rumah Panggang,"RED BOURBON NATURAL ANAEROBIC SLOW DRY (INDONESIA, WEST JAVA, MOUNT PUNTANG)",,"Floral, Pineapple, Cocao Nibs","Floral, Fruity, Nutty/Cocoa",RM 75,https://www.rumahpanggang.com/wp-content/uploads/2026/02/comica-1080-x-1080-px-10.png,Red Bourbon (Arabica),,Natural Anaerobic Slow Dry,Unknown,Filter,Indonesia,No,https://www.rumahpanggang.com/product/red-bourbon-natural-anaerobic-slow-dry-indonesia-west-java-mount-puntang/
763,Rumah Panggang,SECOND WIND BLEND,,"Grapefruit, Tea Like Body, Floral, Chocolate","Fruity, Green/Vegetative, Floral, Nutty/Cocoa",RM 24,https://www.rumahpanggang.com/wp-content/uploads/2025/01/ETHIOPIA-YIRGACHEFFE-KOKE-SHALAYE-1.png,,,,Medium,,"Guatemala, Colombia",Yes,https://www.rumahpanggang.com/product/second-wind-blend/
764,Kopenhagen Coffee,Honduras El Durazno,,"Blueberries, Dark Chocolate, Plum","Fruity, Nutty/Cocoa",RM 75,https://cdn.shopify.com/s/files/1/0564/8646/1604/files/Honduras-El-Durazno.png?v=1777688581,Bourbon,1600 - 2000 MASL,Natural,Unknown,Espresso,Honduras,No,https://www.kopenhagencoffee.com/products/honduras-el-durazno
765,Kopenhagen Coffee,Peru Marco Antonio,,"Red Currants, Dried Prunes, 60% Dark Chocolate","Fruity, Nutty/Cocoa",RM 115,https://cdn.shopify.com/s/files/1/0564/8646/1604/files/Peru-Marco-Antonio.png?v=1776387491,Geisha,1540 MASL,Natural,Unknown,Filter,Peru,No,https://www.kopenhagencoffee.com/products/peru-marco-antonio
766,Kopenhagen Coffee,Costa Rica Hacienda Sonora,,"Praline, Poached Pear, Roasted Oolong Tea","Sweet, Fruity, Roasted, Green/Vegetative",RM 65,https://cdn.shopify.com/s/files/1/0564/8646/1604/files/CostaRicaHaciendaSonora.png?v=1773645576,Caturra,1300 MASL,Natural,Unknown,Espresso,Costa Rica,No,https://www.kopenhagencoffee.com/products/costa-rica-hacienda-sonora
767,Kopenhagen Coffee,Costa Rica La Catarata,,"Cocoa Butter, Blood Orange, Yellow Raisins","Nutty/Cocoa, Fruity",RM 75,https://cdn.shopify.com/s/files/1/0564/8646/1604/files/CostaRicaLaCatarata.png?v=1773645638,Catuai,1600 MASL,Black Honey Ferment,Unknown,Espresso,Costa Rica,No,https://www.kopenhagencoffee.com/products/costa-rica-la-catarata
768,Kopenhagen Coffee,Østerbro Blend,,"Nougat Candy, Milk Chocolate, Dried Orange","Sweet, Nutty/Cocoa, Fruity",RM 40,https://cdn.shopify.com/s/files/1/0564/8646/1604/files/OsterbroBlend.png?v=1773645683,"Rancho Grande: Yellow Bourbon; Igale: N39, KT423; Suke Kuto G2: Kurume and Welicho",Rancho Grande: 1200 MASL; Igale: 1700-1800 MASL; Suke Kuto G2: 2000 MASL,Rancho Grande: Natural; Igale: Washed; Suke Kuto G2: Washed,Unknown,,"Brazil, Tanzania, Ethiopia",Yes,https://www.kopenhagencoffee.com/products/osterbro-blend
769,Kopenhagen Coffee,El Descanso,,"Apricot, Sweet Plum, Sugar Cane","Fruity, Sweet",RM 68,https://cdn.shopify.com/s/files/1/0564/8646/1604/files/ColombiaElDescanso_87f18e1a-1171-4ce7-9977-5989a8a00996.png?v=1773645772,Castillo,1400-2000 MASL,Washed,Light,Filter,Colombia,No,https://www.kopenhagencoffee.com/products/el-descanso
770,Kopenhagen Coffee,Bensa Bombe #2,,"Orange Marmalade, Chrysanthemum, Earl Grey","Fruity, Sweet, Floral, Green/Vegetative",RM 68,https://cdn.shopify.com/s/files/1/0564/8646/1604/files/EthiopiaBensaBombe_ffbc5b0c-8dda-48c3-a614-75b37b588265.png?v=1773646059,Heirloom,1993-2150 MASL,Washed,Light,Filter,Ethiopia,No,https://www.kopenhagencoffee.com/products/magarrissa-tulise-copy
771,Kopenhagen Coffee,Magarrissa Tulise,,"Red Grapes, Nectarines, Honey","Fruity, Sweet",RM 75,https://cdn.shopify.com/s/files/1/0564/8646/1604/files/EthiopiaMagarrissaTulise.png?v=1773645831,Heirloom,1950-2100 MASL,Natural,Light,Filter,Ethiopia,No,https://www.kopenhagencoffee.com/products/margarrissa-tulise
772,Kopenhagen Coffee,Lenin Flores,,"Pomelo, Nutmeg, Brown Tea","Fruity, Spices, Green/Vegetative",RM 55,https://cdn.shopify.com/s/files/1/0564/8646/1604/files/PeruLeninFlores_20eeef79-a5b7-4019-bcbc-c9d664924d0e.png?v=1773645861,Red Caturra,1750-1800 MASL,Washed,Light,Filter,Peru,No,https://www.kopenhagencoffee.com/products/la-huaca-copy
773,Kopenhagen Coffee,Ndiaini AA,,"White Pear, Honey Oats, Pecan Nuts","Fruity, Sweet, Nutty/Cocoa",RM 75,https://cdn.shopify.com/s/files/1/0564/8646/1604/files/KenyaNdiainiAA_7951a7b6-4c1e-48b2-8ad5-ec8547aca8c1.png?v=1773645898,"SL28, SL34, Batian, Ruiru 11",1850 Masl,Natural,Medium,Espresso,Kenya,No,https://www.kopenhagencoffee.com/products/kenya-ndiaini-aa
774,Kopenhagen Coffee,Vesterbro Blend,,"Stonefruit, Orange Citrus, Macadamia Nut","Fruity, Nutty/Cocoa",RM 40,https://cdn.shopify.com/s/files/1/0564/8646/1604/files/VesterbroBlend_bdb9b660-7f0e-44fa-9a8e-2c7134314938.png?v=1773645970,Rancho Grande: Yellow Bourbon; Suke Kuto G2: Kurume and Welicho,Rancho Grande: 1200 Masl; Suke Kuto G2: 2000 Masl,Rancho Grande: Natural; Suke Kuto G2: Washed,Medium,Espresso,"Brazil, Ethiopia",Yes,https://www.kopenhagencoffee.com/products/vesterbro-blend
775,Kopenhagen Coffee,Nørrebro Blend,,"Orange, Black Tea, Vanilla Buttercream","Fruity, Green/Vegetative, Sweet",RM 40,https://cdn.shopify.com/s/files/1/0564/8646/1604/files/NorrebroBlend_7adbe3d7-ba71-4a1e-ab82-269ab3e91f53.png?v=1773646012,"Rancho Grande: Yellow Bourbon; Wuchii Cauca: Mixed; Kayon Mountain G1: 74110, 74112",Rancho Grande: 1200 MASL; Colombia Wuchii Cauca: 1800-2050 MASL; Ethiopia Kayon Mountain G1: 1400-2000 MASL,Rancho Grande: Natural; Wuchii Cauca: Washed; Kayon Mountain G1: Natural,Medium,Espresso,"Brazil, Colombia, Ethiopia",Yes,https://www.kopenhagencoffee.com/products/noerrebro-espresso-coffee-beans
776,Kopenhagen Coffee,Vesterbro Blend,,"creamy macadamia nut, this blend is a great introduction to quality coffee",Nutty/Cocoa,RM 40,https://cdn.shopify.com/s/files/1/0564/8646/1604/files/VesterbroBlend_bdb9b660-7f0e-44fa-9a8e-2c7134314938.png?v=1773645970,,,Washed,Medium,Espresso,"Brazil, Ethiopia",Yes,https://www.kopenhagencoffee.com/products/vesterbro-blend
777,Bad Artist Coffee Co,Blend - The Sweet Escape (Espresso),,"Cherries, Raisins, Mix Florals","Sweet, Floral",RM 55,https://cdn.shopify.com/s/files/1/0703/8861/3411/files/250gTheSweetEscapeBlend.jpg?v=1740027105,,,Natural,Medium,Espresso,"Colombia, Ethiopia",Yes,https://badartistcoffee.com/products/sweet-escape-blend-espresso
778,Bad Artist Coffee Co,Blend - The Work Of Art (Espresso),,"Sweet, Nutty, and Chocolatey","Sweet, Nutty/Cocoa",RM 46,https://cdn.shopify.com/s/files/1/0703/8861/3411/files/250gTheWOABlend.jpg?v=1740027461,,,"Natural, Wethull",Medium,Espresso,"Brazil, Indonesia",Yes,https://badartistcoffee.com/products/the-work-of-art-blend
779,Bad Artist Coffee Co,Colombia - Luz Helena Gesha Washed,,"Calamansi, White Lilies, Nectarine","Fruity, Floral, Sweet",RM 103,https://cdn.shopify.com/s/files/1/0703/8861/3411/files/AMERICA_-_Colombia_Luz_Helena.jpg?v=1778812402,Gesha,"1,450-1,500m",Washed,Light,Filter,Colombia,No,https://badartistcoffee.com/products/colombia-luz-helena-gesha-washed
780,Bad Artist Coffee Co,Costa Rica - V&G H1 Slow Dry Natural,,"Shiiraz, Orange Candy, Raisins","Fruity, Sweet, Sour/Fermented",RM 64,https://cdn.shopify.com/s/files/1/0703/8861/3411/files/AMERICA_-_Costa_Rica.jpg?v=1778812402,H1,1500m,Slow Dry Natural,Unknown,Filter,Costa Rica,No,https://badartistcoffee.com/products/costa-rica-v-g-h1-slow-dry-natural
781,Bad Artist Coffee Co,Ethiopia - Beyou Gersay G1 Natural,,"Lemon Candy, Elderflower, Passion fruit","Floral, Fruity",RM 66,https://cdn.shopify.com/s/files/1/0703/8861/3411/files/AFRICA_-_Ethiopia_Beyou_Gersay_4.jpg?v=1778812402,Heirloom,1650m,Natural,Unknown,Filter,Ethiopia,No,https://badartistcoffee.com/products/ethiopia-beyou-gersay-g1-natural
782,Bad Artist Coffee Co,Ethiopia - Koke Nitrogen Jasper 0925,,"Mango, Lavendar, Passionfruit","Fruity, Floral",RM 90,https://cdn.shopify.com/s/files/1/0703/8861/3411/files/AFRICA_-_Ethiopia_Beyou_Gersay_4.jpg?v=1778812402,Heirloom,1950m,Nitrogen Natural,Unknown,Filter,Ethiopia,No,https://badartistcoffee.com/products/ethiopia-koke-nitrogen-jasper-0925
783,Bad Artist Coffee Co,Indonesia - Bali Kala Patra Anaerobic Honey,,"Poached Pear, Monkfruit, Cinnamon","Fruity, Green/Vegetative",RM 56,https://cdn.shopify.com/s/files/1/0703/8861/3411/files/ASIA_-_Bali.jpg?v=1778812402,"Kopyol, Lini-S",1200-1400m,Anaerobic Honey,Unknown,Filter,Indonesia,No,https://badartistcoffee.com/products/indonesia-bali-kala-patra-anaerobic-honey
784,Bad Artist Coffee Co,Nicaragua - La Estrella by Julio Cesar Medina,,"Apricot, Persimmon, Nectarine","Fruity, Sweet",RM 68,https://cdn.shopify.com/s/files/1/0703/8861/3411/files/Nicaragua_Anaerobic_Natural.jpg?v=1772035436,Catuai,1500m,Anaerobic Natural,Unknown,Filter,Nicaragua,No,https://badartistcoffee.com/products/nicaragua-la-estrella-by-julio-cesar-medina
785,Bad Artist Coffee Co,SOE - Brazil Cerrado Mineiro Bossa Nova Natural,,"Macadamia, Light Citrus, Smooth Finish","Nutty/Cocoa, Fruity",RM 40,https://cdn.shopify.com/s/files/1/0703/8861/3411/files/250g_Brazil_Bossa_Nova.jpg?v=1778813885,Yellow Bourbon,900-1200m,Natural,Unknown,Espresso,Brazil,No,https://badartistcoffee.com/products/soe-brazil-cerrado-mineiro-bossa-nova-natural
786,Bad Artist Coffee Co,SOE - Burundi Kiyonza Natural,,"Berries, Dried Fruit, Soft Citrus",Fruity,RM 48,https://cdn.shopify.com/s/files/1/0703/8861/3411/files/250g_Burundi_Natural.jpg?v=1778813885,Bourbon,1500m,Natural,Unknown,Espresso,,No,https://badartistcoffee.com/products/soe-burundi-kiyonza-natural
787,Bad Artist Coffee Co,SOE - Indonesia Gayo Sumatra Manis Madu,,"Pomelo, Honey Sweetness, Rounded Body","Fruity, Sweet",RM 50,https://cdn.shopify.com/s/files/1/0703/8861/3411/files/250g_Indonesia_Manis_Madu.jpg?v=1778813885,"Typica, Catimor",1700m,Honey,Unknown,Espresso,Indonesia,No,https://badartistcoffee.com/products/soe-indonesia-gayo-sumatra-manis-madu
788,The Roast Things,HONDURAS BENJAMIN PAZ heirloom,,"White Florals, Honey, Lime","Floral, Sweet, Fruity",RM 80,https://cdn.shopify.com/s/files/1/0617/5975/0356/files/TRT26_filter_HondurasBenjaminPaz_0424.jpg?v=1777097625,Heirloom,1650 masl,Washed,Unknown,Filter,Honduras,No,https://theroastthings.com/products/honduras-benjamin-paz-heirloom
789,The Roast Things,UGANDA BWESUMBU,,"Caramelized Pineapple, Raisin, Creamy","Sweet, Fruity",RM 75,https://cdn.shopify.com/s/files/1/0617/5975/0356/files/TRT_webstorecover_500px_2026_UgandaBwesumbu_9323d9a6-9453-4c86-b11d-91a781239bc1.jpg?v=1772689543,SL28,1600 - 1800 masl,Natural,Unknown,Filter,Uganda,No,https://theroastthings.com/products/uganda-bwesumbu
790,The Roast Things,COSTA RICA EL RENACER,,"White Floral, Lemon Preserve, Genmaicha","Floral, Fruity, Green/Vegetative",RM 85,https://cdn.shopify.com/s/files/1/0617/5975/0356/files/TRT26_filter_CostaRicaElRenacer_0518.jpg?v=1779171540,Java,1700 masl,Black Honey,Unknown,Filter,Costa Rica,No,https://theroastthings.com/products/costa-rica-el-renacer
791,The Roast Things,HONDURAS YELTSIN SAGASTUME,,"Palm Sugar, Clove, Red Plum","Sweet, Spices, Fruity",RM 75,https://cdn.shopify.com/s/files/1/0617/5975/0356/files/TRT26_filter_HondurasYSagastume_0424.jpg?v=1777098117,Maracaturra,1500 masl,Washed,Unknown,Filter,Honduras,No,https://theroastthings.com/products/honduras-yeltsin-sagastume
792,The Roast Things,COLOMBIA EDUAR MORIONES,,"Almond, Bakers Chocolate, Red Plum","Nutty/Cocoa, Fruity",RM 49,https://cdn.shopify.com/s/files/1/0617/5975/0356/files/TRT26_ColombiaEduarMoriones_0529.jpg?v=1780450211,Caturra,1920 - 2000 masl,washed,Unknown,Espresso,Colombia,No,https://theroastthings.com/products/colombia-eduar-moriones
793,The Roast Things,ETHIOPIA MENSUR ABAHIKA,,"Black Tea, Blood Orange, Dark Sugar","Green/Vegetative, Fruity, Sweet",RM 72,https://cdn.shopify.com/s/files/1/0617/5975/0356/files/TRT26_filter_EthiopiaMensurAbahika_0528.jpg?v=1780448663,JARC 74110,1950 - 2000masl,Washed,Unknown,Filter,Ethiopia,No,https://theroastthings.com/products/ethiopia-mensur-abahika-1
794,The Roast Things,HONDURAS LA SALSA gesha,,"Melon, Earl Grey, Honey, Tangerine","Fruity, Green/Vegetative, Sweet",RM 95,https://cdn.shopify.com/s/files/1/0617/5975/0356/files/TRT26_filter_HondurasLaSalsa_0528.jpg?v=1780299824,Gesha,1650 masl,Washed,Unknown,Filter,Honduras,No,https://theroastthings.com/products/honduras-la-salsa-gesha-1
795,The Roast Things,THAILAND KALEB JORDAN,,"Floral, Warm Spice, Rose Apple","Floral, Spices, Fruity",RM 90,https://cdn.shopify.com/s/files/1/0617/5975/0356/files/TRT_webstorecover_500px_2026_ThailandKalebJordan.jpg?v=1772689678,Java,1400 - 1500 masl,Anaerobic Red Honey,Unknown,Filter,Thailand,No,https://theroastthings.com/products/thailand-kaleb-jordan
796,The Roast Things,NICARAGUA LOS JILGUEROS,,"Fuji Apple, Brown Sugar, Black Tea, Silky","Fruity, Sweet, Green/Vegetative, Other",RM 90,https://cdn.shopify.com/s/files/1/0617/5975/0356/files/TRT26_filter_NIcaraguaLosJilgueros_0518.jpg?v=1779171640,Java,1350 masl,washed,Unknown,Filter,Nicaragua,No,https://theroastthings.com/products/nicaragua-los-jilgueros
797,The Roast Things,BRAZIL FAZENDA SANTUARIO SUL eugenoides,,"Sugar Cane, Yellow Stone Fruit, Caramel","Sweet, Fruity",RM 620,https://cdn.shopify.com/s/files/1/0617/5975/0356/files/TRT26_filter_BrazilFazendaSS_0517_693fcebe-ac82-4d91-a0c0-0899b82fa72c.jpg?v=1780013294,Eugenoides,1200 - 1350 masl,"Natural, dark room dry",Unknown,Filter,Brazil,No,https://theroastthings.com/products/brazil-fazenda-santuario-sul-eugenoides
798,The Roast Things,HONDURAS DONALDO CASTILLO,,"Sweet Dates, Dark Cocoa, Red Apple","Sweet, Nutty/Cocoa, Fruity",RM 47,https://cdn.shopify.com/s/files/1/0617/5975/0356/files/TRT26_HondurasDC_0415.jpg?v=1776341382,Pacas,,Washed,Unknown,Espresso,Honduras,No,https://theroastthings.com/products/honduras-donaldo-castillo
799,The Roast Things,THAILAND DOI PANGKHON,,"70% Dark Chocolate, Macerated Orange, Almond","Nutty/Cocoa, Fruity",RM 47,https://cdn.shopify.com/s/files/1/0617/5975/0356/files/TRT26_ThailandDoiPangkhon_0328.jpg?v=1775543202,"Catuai, Typica, Chiang Mai, SJ133",1250-1450 masl,Kenya-style Washed,Unknown,Espresso,Thailand,No,https://theroastthings.com/products/thailand-doi-pangkhon
800,The Roast Things,MALAYSIA LIBERICA (Roast date: 30/03),,"Licorice, Jackfruit, Banana, Stevia Sweetness","Spices, Fruity, Sweet",RM 115,https://cdn.shopify.com/s/files/1/0617/5975/0356/files/TRT26_filter_MalaysiaLiberica_0518_7a70b7aa-45d4-4b89-90b0-d96ef976e0db.jpg?v=1779451212,Liberica,,Anaerobic-Natural 30 days fermentation,Unknown,Both,Malaysia,No,https://theroastthings.com/products/malaysia-liberica-roast-date-19-10
801,The Roast Things,PANAMA FINCA NUGUO 910-N-WS,,"Mango, Orange Blossom, Honey","Fruity, Floral, Sweet",RM 740,https://cdn.shopify.com/s/files/1/0617/5975/0356/files/TRT26_filter_PanamaNuguo_0502-107.jpg?v=1779254217,gesha,1920 - 1980 masl,Washed,Unknown,Filter,Panama,No,https://theroastthings.com/products/panama-finca-nuguo-910-n-ws
802,The Roast Things,COLOMBIA LA MANOA,,"Palm Sugar, Sweet Spice, Grapefruit","Sweet, Spices, Fruity",RM 82,https://cdn.shopify.com/s/files/1/0617/5975/0356/files/TRT26_filter_ColombiaLaManoa_0518.jpg?v=1779172529,Orange Bourbon,1700 masl,Semi Washed,Unknown,Filter,Colombia,No,https://theroastthings.com/products/colombia-la-manoa
803,The Roast Things,COSTA RICA LA CATARATA,,"Red Cherry, Brown Sugar, Plum","Fruity, Sweet",RM 72,https://cdn.shopify.com/s/files/1/0617/5975/0356/files/TRT26_filter_CostaRicaLaCatarata_0518.jpg?v=1779172611,Catuai,1600 masl,Black Honey Special Ferment,Unknown,Filter,Costa Rica,No,https://theroastthings.com/products/costa-rica-la-catarata
804,The Roast Things,ETHIOPIA MI'EESSA ROBE,,"Pineapple, Floral, Orange Drops","Fruity, Floral, Sweet",RM 82,https://cdn.shopify.com/s/files/1/0617/5975/0356/files/TRT26_filter_EthiopiaMieessaRobe_0518.jpg?v=1779449922,CBD Resistant selections and Guji local landraces,2000 - 2350 masl,Natural,Unknown,Filter,Ethiopia,No,https://theroastthings.com/products/ethiopia-mieessa-robe
805,The Roast Things,ETHIOPIA KELLOO SIKO #5,,"Black Tea, Blood Orange, Floral","Green/Vegetative, Fruity, Floral",RM 51,https://cdn.shopify.com/s/files/1/0617/5975/0356/files/TRT26_EthiopiaKellooSiko_0513.jpg?v=1779169918,Heirloom,2070 masl,Washed,Unknown,Espresso,Ethiopia,No,https://theroastthings.com/products/ethiopia-kelloo-siko-5
806,The Roast Things,NICARAGUA LOS CIPRESES,,"Red Apple, Brown Sugar, Almond, Syrupy","Fruity, Sweet, Nutty/Cocoa",RM 50,https://cdn.shopify.com/s/files/1/0617/5975/0356/files/TRT26_NicaraguaLosCipreses_0513.jpg?v=1778847914,Caturra,1300 masl,Washed,Unknown,Espresso,Nicaragua,No,https://theroastthings.com/products/nicaragua-los-cipreses
807,The Roast Things,MOJO,,"Roasted Walnut, 80% Dark Chocolate, Dark Plum","Roasted, Nutty/Cocoa, Fruity",RM 40,https://cdn.shopify.com/s/files/1/0617/5975/0356/files/TRT_webstorecover_500px_2026_Mojo2026.jpg?v=1772692754,,,Thailand Mae Kha Jan: Kenya-style Washed; Brazil Favela: Natural,Unknown,Espresso,"Thailand, Brazil",Yes,https://theroastthings.com/products/mojo
808,The Roast Things,CREAM,,"Black Tea, Red Plum, Blood Orange",Fruity,RM 49,https://cdn.shopify.com/s/files/1/0617/5975/0356/files/TRT26_CREAM_0513.jpg?v=1779170115,,,Washed,Unknown,Espresso,"Guatemala, Ethiopia",Yes,https://theroastthings.com/products/cream
809,The Roast Things,COSTA RICA CHIRRIPO SHB,,"Red Plum, Maraschino Cherry, 70% Dark Chocolate","Fruity, Nutty/Cocoa",RM 45,https://cdn.shopify.com/s/files/1/0617/5975/0356/files/TRT26_CostaRicaChirripoSHB_0513.jpg?v=1779451062,"Caturra, Catuai",1600 masl,honey,Unknown,Espresso,Costa Rica,No,https://theroastthings.com/products/costa-rica-chirripo-shb
810,The Roast Things,MILK KILLER,,"Red Apple, 70% Dark Chocolate, Almond","Fruity, Nutty/Cocoa",RM 43,https://cdn.shopify.com/s/files/1/0617/5975/0356/files/TRT26_MK26_0415.jpg?v=1776340191,,,Honduras Proyecto Cabanas: Washed; Brazil Favela: Natural,Unknown,Espresso,"Honduras, Brazil",Yes,https://theroastthings.com/products/milk-killer
811,The Roast Things,ETHIOPIA DIIMA BANKO GOTITI #16,,"Jackfruit, Floral, Black Tea","Fruity, Floral",RM 51,https://cdn.shopify.com/s/files/1/0617/5975/0356/files/TRT26_EthiopiaDiimaBG_0513.jpg?v=1779169822,Heirloom,1950 - 2100 masl,Natural,Unknown,Espresso,Ethiopia,No,https://theroastthings.com/products/ethiopia-diima-banko-gotiti-16